Table with row labels in columns A and B and column labels headers in rows 5 through 8.,,,
Table 1. State-to-State Migration Flows1: 2024 American Community Survey 1-Year Estimates,,,
Universe: Population 1 year and over,,,
,,,
Current residence,Residence 1 year ago2,Movers to current residence from residence 1 year ago,
,,,
,,,
,,Estimate,Margin of error3 (±)
Alabama,Alabama,X,X
Alabama,Alaska,387,404
Alabama,Arizona,"2,055","1,402"
Alabama,Arkansas,958,757
Alabama,California,"7,145","2,936"
Alabama,Colorado,"2,994","1,616"
Alabama,Connecticut,N,N
Alabama,Delaware,0,213
Alabama,District of Columbia ,0,213
Alabama,Florida,"16,423","4,099"
Alabama,Georgia,"15,194","2,860"
Alabama,Hawaii,772,"1,029"
Alabama,Idaho,973,944
Alabama,Illinois,"5,231","1,900"
Alabama,Indiana,"1,904",936
Alabama,Iowa,427,327
Alabama,Kansas,"1,390","1,677"
Alabama,Kentucky,"2,576",890
Alabama,Louisiana,"2,529",828
Alabama,Maine,98,136
Alabama,Maryland,"1,291",705
Alabama,Massachusetts,"1,485","1,050"
Alabama,Michigan,"2,469",951
Alabama,Minnesota,628,692
Alabama,Mississippi,"7,574","2,264"
Alabama,Missouri,"1,058",741
Alabama,Montana,261,248
Alabama,Nebraska,528,538
Alabama,Nevada,586,493
Alabama,New Hampshire,318,319
Alabama,New Jersey,"2,906","2,113"
Alabama,New Mexico,375,340
Alabama,New York,"2,937","2,349"
Alabama,North Carolina,"1,510",879
Alabama,North Dakota,0,213
Alabama,Ohio,"2,748","1,678"
Alabama,Oklahoma,840,646
Alabama,Oregon,373,469
Alabama,Pennsylvania,"1,036",608
Alabama,Rhode Island,0,213
Alabama,South Carolina,"1,775",925
Alabama,South Dakota,521,401
Alabama,Tennessee,"11,339","2,639"
Alabama,Texas,"7,428","2,159"
Alabama,Utah,636,526
Alabama,Vermont,0,213
Alabama,Virginia,"5,056","2,688"
Alabama,Washington,"2,154","1,499"
Alabama,West Virginia,N,N
Alabama,Wisconsin,362,326
Alabama,Wyoming,517,612
Alabama,Puerto Rico,N,N
Alabama,U.S. Island Areas,"1,200",851
Alabama,Foreign country,"21,176","4,769"
Alaska,Alabama,244,292
Alaska,Alaska,X,X
Alaska,Arizona,"1,336","1,005"
Alaska,Arkansas,N,N
Alaska,California,"1,950",807
Alaska,Colorado,"1,526",788
Alaska,Connecticut,N,N
Alaska,Delaware,0,172
Alaska,District of Columbia ,0,172
Alaska,Florida,"1,069",680
Alaska,Georgia,948,777
Alaska,Hawaii,551,318
Alaska,Idaho,350,307
Alaska,Illinois,0,172
Alaska,Indiana,267,282
Alaska,Iowa,0,172
Alaska,Kansas,96,146
Alaska,Kentucky,0,172
Alaska,Louisiana,489,503
Alaska,Maine,N,N
Alaska,Maryland,0,172
Alaska,Massachusetts,"1,834","2,327"
Alaska,Michigan,493,430
Alaska,Minnesota,562,497
Alaska,Mississippi,N,N
Alaska,Missouri,937,"1,053"
Alaska,Montana,149,136
Alaska,Nebraska,0,172
Alaska,Nevada,655,596
Alaska,New Hampshire,N,N
Alaska,New Jersey,320,318
Alaska,New Mexico,381,370
Alaska,New York,709,"1,031"
Alaska,North Carolina,361,301
Alaska,North Dakota,0,172
Alaska,Ohio,102,132
Alaska,Oklahoma,779,691
Alaska,Oregon,791,520
Alaska,Pennsylvania,494,434
Alaska,Rhode Island,0,172
Alaska,South Carolina,"1,982","1,350"
Alaska,South Dakota,347,355
Alaska,Tennessee,"1,893",879
Alaska,Texas,"2,685","1,187"
Alaska,Utah,219,276
Alaska,Vermont,N,N
Alaska,Virginia,"1,338",911
Alaska,Washington,"2,597","1,264"
Alaska,West Virginia,N,N
Alaska,Wisconsin,556,419
Alaska,Wyoming,446,586
Alaska,Puerto Rico,48,101
Alaska,U.S. Island Areas,0,172
Alaska,Foreign country,"5,227","1,389"
Arizona,Alabama,"3,139","2,909"
Arizona,Alaska,"2,522","1,549"
Arizona,Arizona,X,X
Arizona,Arkansas,542,335
Arizona,California,"52,383","6,890"
Arizona,Colorado,"10,284","2,531"
Arizona,Connecticut,930,916
Arizona,Delaware,237,299
Arizona,District of Columbia ,96,99
Arizona,Florida,"6,929","2,734"
Arizona,Georgia,"3,218","1,467"
Arizona,Hawaii,"1,354",990
Arizona,Idaho,"5,130","2,437"
Arizona,Illinois,"9,445","2,340"
Arizona,Indiana,"5,273","3,072"
Arizona,Iowa,"4,596","2,154"
Arizona,Kansas,463,348
Arizona,Kentucky,849,939
Arizona,Louisiana,"1,656",740
Arizona,Maine,439,362
Arizona,Maryland,601,507
Arizona,Massachusetts,"1,113",600
Arizona,Michigan,"7,691","3,101"
Arizona,Minnesota,"6,126","1,268"
Arizona,Mississippi,471,551
Arizona,Missouri,"3,235","1,460"
Arizona,Montana,"4,304","2,162"
Arizona,Nebraska,"2,129",943
Arizona,Nevada,"6,026","2,172"
Arizona,New Hampshire,426,476
Arizona,New Jersey,"2,380","1,462"
Arizona,New Mexico,"7,401","2,551"
Arizona,New York,"5,077","1,804"
Arizona,North Carolina,"9,435","5,922"
Arizona,North Dakota,916,603
Arizona,Ohio,"8,866","3,901"
Arizona,Oklahoma,205,220
Arizona,Oregon,"4,336","1,646"
Arizona,Pennsylvania,"2,959","1,332"
Arizona,Rhode Island,0,237
Arizona,South Carolina,"2,858","1,755"
Arizona,South Dakota,"1,674",870
Arizona,Tennessee,"2,341","1,305"
Arizona,Texas,"10,306","2,404"
Arizona,Utah,"7,366","2,624"
Arizona,Vermont,288,268
Arizona,Virginia,"3,996","1,816"
Arizona,Washington,"17,601","3,256"
Arizona,West Virginia,N,N
Arizona,Wisconsin,"5,018","1,728"
Arizona,Wyoming,189,219
Arizona,Puerto Rico,N,N
Arizona,U.S. Island Areas,195,420
Arizona,Foreign country,"61,129","7,557"
Arkansas,Alabama,"1,597",826
Arkansas,Alaska,755,863
Arkansas,Arizona,"1,746","1,143"
Arkansas,Arkansas,X,X
Arkansas,California,"1,676","1,069"
Arkansas,Colorado,"2,030","1,052"
Arkansas,Connecticut,0,213
Arkansas,Delaware,N,N
Arkansas,District of Columbia ,0,213
Arkansas,Florida,"4,434","1,771"
Arkansas,Georgia,774,809
Arkansas,Hawaii,867,676
Arkansas,Idaho,946,737
Arkansas,Illinois,"1,926",969
Arkansas,Indiana,705,824
Arkansas,Iowa,"2,411","1,330"
Arkansas,Kansas,"1,391","1,143"
Arkansas,Kentucky,825,661
Arkansas,Louisiana,"3,183","1,163"
Arkansas,Maine,N,N
Arkansas,Maryland,372,364
Arkansas,Massachusetts,N,N
Arkansas,Michigan,478,526
Arkansas,Minnesota,618,546
Arkansas,Mississippi,"2,005","1,159"
Arkansas,Missouri,"4,434","1,780"
Arkansas,Montana,0,213
Arkansas,Nebraska,134,127
Arkansas,Nevada,585,430
Arkansas,New Hampshire,0,213
Arkansas,New Jersey,597,597
Arkansas,New Mexico,"3,624","2,000"
Arkansas,New York,790,580
Arkansas,North Carolina,722,534
Arkansas,North Dakota,N,N
Arkansas,Ohio,453,371
Arkansas,Oklahoma,"3,227","1,098"
Arkansas,Oregon,755,999
Arkansas,Pennsylvania,"1,119","1,102"
Arkansas,Rhode Island,0,213
Arkansas,South Carolina,609,694
Arkansas,South Dakota,0,213
Arkansas,Tennessee,"2,579","1,147"
Arkansas,Texas,"10,842","2,476"
Arkansas,Utah,359,382
Arkansas,Vermont,0,213
Arkansas,Virginia,756,603
Arkansas,Washington,"1,307","1,375"
Arkansas,West Virginia,436,360
Arkansas,Wisconsin,665,532
Arkansas,Wyoming,76,92
Arkansas,Puerto Rico,N,N
Arkansas,U.S. Island Areas,N,N
Arkansas,Foreign country,"12,226","3,175"
California,Alabama,"1,440",735
California,Alaska,"3,022","1,823"
California,Arizona,"28,174","4,463"
California,Arkansas,"2,462","1,049"
California,California,X,X
California,Colorado,"15,781","3,397"
California,Connecticut,"4,853","1,483"
California,Delaware,149,144
California,District of Columbia ,"2,128",808
California,Florida,"15,988","3,031"
California,Georgia,"6,863","2,164"
California,Hawaii,"9,923","2,644"
California,Idaho,"6,509","1,562"
California,Illinois,"19,953","5,236"
California,Indiana,"7,654","3,693"
California,Iowa,"1,147",543
California,Kansas,"1,924",854
California,Kentucky,919,791
California,Louisiana,"4,078","1,478"
California,Maine,"1,860","1,028"
California,Maryland,"8,901","2,151"
California,Massachusetts,"15,720","3,343"
California,Michigan,"5,317","1,632"
California,Minnesota,"3,533","1,394"
California,Mississippi,"1,778","1,348"
California,Missouri,"5,144","1,672"
California,Montana,"2,531",925
California,Nebraska,"1,615","1,020"
California,Nevada,"21,133","4,646"
California,New Hampshire,700,329
California,New Jersey,"9,653","2,769"
California,New Mexico,"2,695","1,031"
California,New York,"24,927","3,680"
California,North Carolina,"8,873","2,194"
California,North Dakota,466,441
California,Ohio,"6,471","2,777"
California,Oklahoma,"2,694","1,455"
California,Oregon,"17,954","4,037"
California,Pennsylvania,"9,266","2,532"
California,Rhode Island,"1,458","1,002"
California,South Carolina,"6,955","1,938"
California,South Dakota,697,388
California,Tennessee,"7,972","3,477"
California,Texas,"45,447","6,640"
California,Utah,"8,564","2,267"
California,Vermont,403,280
California,Virginia,"18,100","4,368"
California,Washington,"26,956","4,931"
California,West Virginia,"1,037",729
California,Wisconsin,"4,050","1,636"
California,Wyoming,"1,036",585
California,Puerto Rico,"1,572",665
California,U.S. Island Areas,"1,502",585
California,Foreign country,"303,793","16,090"
Colorado,Alabama,"2,028",705
Colorado,Alaska,"3,700","1,512"
Colorado,Arizona,"9,762","2,707"
Colorado,Arkansas,577,554
Colorado,California,"19,717","3,479"
Colorado,Colorado,X,X
Colorado,Connecticut,"1,822",886
Colorado,Delaware,N,N
Colorado,District of Columbia ,N,N
Colorado,Florida,"12,564","3,529"
Colorado,Georgia,"3,896","1,574"
Colorado,Hawaii,"1,815","1,836"
Colorado,Idaho,"2,345","1,075"
Colorado,Illinois,"4,552","1,348"
Colorado,Indiana,"3,212","1,612"
Colorado,Iowa,"2,142",911
Colorado,Kansas,"1,737",749
Colorado,Kentucky,"1,441",793
Colorado,Louisiana,"1,780","1,219"
Colorado,Maine,285,364
Colorado,Maryland,"2,138","1,195"
Colorado,Massachusetts,"2,050",861
Colorado,Michigan,"2,538","1,060"
Colorado,Minnesota,"2,816","1,140"
Colorado,Mississippi,495,694
Colorado,Missouri,"3,746","1,516"
Colorado,Montana,864,462
Colorado,Nebraska,"3,243","1,345"
Colorado,Nevada,"1,823","1,020"
Colorado,New Hampshire,454,344
Colorado,New Jersey,"1,423",699
Colorado,New Mexico,"5,593","1,771"
Colorado,New York,"3,792","1,352"
Colorado,North Carolina,"5,537","2,093"
Colorado,North Dakota,535,464
Colorado,Ohio,"3,306","1,412"
Colorado,Oklahoma,"5,402","3,244"
Colorado,Oregon,"2,363","1,213"
Colorado,Pennsylvania,"3,623","1,301"
Colorado,Rhode Island,N,N
Colorado,South Carolina,958,476
Colorado,South Dakota,390,250
Colorado,Tennessee,"3,653","2,007"
Colorado,Texas,"27,574","4,594"
Colorado,Utah,"5,387","1,847"
Colorado,Vermont,225,211
Colorado,Virginia,"8,039","4,554"
Colorado,Washington,"6,188","1,802"
Colorado,West Virginia,389,419
Colorado,Wisconsin,"2,273",995
Colorado,Wyoming,"1,491",645
Colorado,Puerto Rico,0,224
Colorado,U.S. Island Areas,792,500
Colorado,Foreign country,"39,968","7,091"
Connecticut,Alabama,801,945
Connecticut,Alaska,N,N
Connecticut,Arizona,N,N
Connecticut,Arkansas,0,225
Connecticut,California,"4,237","2,318"
Connecticut,Colorado,758,501
Connecticut,Connecticut,X,X
Connecticut,Delaware,0,225
Connecticut,District of Columbia ,N,N
Connecticut,Florida,"6,040","2,007"
Connecticut,Georgia,"2,684",948
Connecticut,Hawaii,396,465
Connecticut,Idaho,0,225
Connecticut,Illinois,"1,044",483
Connecticut,Indiana,801,721
Connecticut,Iowa,309,375
Connecticut,Kansas,366,367
Connecticut,Kentucky,319,381
Connecticut,Louisiana,N,N
Connecticut,Maine,671,479
Connecticut,Maryland,353,291
Connecticut,Massachusetts,"11,612","2,586"
Connecticut,Michigan,230,249
Connecticut,Minnesota,127,141
Connecticut,Mississippi,N,N
Connecticut,Missouri,806,"1,060"
Connecticut,Montana,0,225
Connecticut,Nebraska,N,N
Connecticut,Nevada,893,816
Connecticut,New Hampshire,"3,295","1,250"
Connecticut,New Jersey,"5,628","1,617"
Connecticut,New Mexico,0,225
Connecticut,New York,"25,095","4,459"
Connecticut,North Carolina,"2,597","1,468"
Connecticut,North Dakota,0,225
Connecticut,Ohio,"1,491",655
Connecticut,Oklahoma,N,N
Connecticut,Oregon,823,386
Connecticut,Pennsylvania,"2,175",835
Connecticut,Rhode Island,"2,143",790
Connecticut,South Carolina,"1,027",603
Connecticut,South Dakota,0,225
Connecticut,Tennessee,606,506
Connecticut,Texas,"1,462",627
Connecticut,Utah,0,225
Connecticut,Vermont,835,566
Connecticut,Virginia,578,475
Connecticut,Washington,697,421
Connecticut,West Virginia,0,225
Connecticut,Wisconsin,"1,103",553
Connecticut,Wyoming,0,225
Connecticut,Puerto Rico,821,641
Connecticut,U.S. Island Areas,N,N
Connecticut,Foreign country,"31,900","5,449"
Delaware,Alabama,477,611
Delaware,Alaska,0,208
Delaware,Arizona,N,N
Delaware,Arkansas,708,951
Delaware,California,"1,439",815
Delaware,Colorado,329,324
Delaware,Connecticut,258,242
Delaware,Delaware,X,X
Delaware,District of Columbia ,526,456
Delaware,Florida,"1,574","1,286"
Delaware,Georgia,"1,595","1,979"
Delaware,Hawaii,0,208
Delaware,Idaho,0,208
Delaware,Illinois,N,N
Delaware,Indiana,250,430
Delaware,Iowa,325,501
Delaware,Kansas,0,208
Delaware,Kentucky,0,208
Delaware,Louisiana,N,N
Delaware,Maine,76,108
Delaware,Maryland,"7,026","2,233"
Delaware,Massachusetts,122,119
Delaware,Michigan,721,778
Delaware,Minnesota,0,208
Delaware,Mississippi,N,N
Delaware,Missouri,N,N
Delaware,Montana,0,208
Delaware,Nebraska,0,208
Delaware,Nevada,0,208
Delaware,New Hampshire,N,N
Delaware,New Jersey,"3,404","1,047"
Delaware,New Mexico,0,208
Delaware,New York,"2,684","1,027"
Delaware,North Carolina,451,442
Delaware,North Dakota,0,208
Delaware,Ohio,N,N
Delaware,Oklahoma,N,N
Delaware,Oregon,N,N
Delaware,Pennsylvania,"6,673","1,661"
Delaware,Rhode Island,0,208
Delaware,South Carolina,814,552
Delaware,South Dakota,0,208
Delaware,Tennessee,865,"1,178"
Delaware,Texas,"1,250","1,120"
Delaware,Utah,0,208
Delaware,Vermont,N,N
Delaware,Virginia,"1,854",915
Delaware,Washington,0,208
Delaware,West Virginia,N,N
Delaware,Wisconsin,N,N
Delaware,Wyoming,0,208
Delaware,Puerto Rico,N,N
Delaware,U.S. Island Areas,0,208
Delaware,Foreign country,"6,078","2,213"
District of Columbia,Alabama,N,N
District of Columbia,Alaska,N,N
District of Columbia,Arizona,636,452
District of Columbia,Arkansas,446,501
District of Columbia,California,"4,559","1,174"
District of Columbia,Colorado,"2,351","1,968"
District of Columbia,Connecticut,"1,583","1,003"
District of Columbia,Delaware,679,520
District of Columbia,District of Columbia ,X,X
District of Columbia,Florida,"1,174",578
District of Columbia,Georgia,"1,415",961
District of Columbia,Hawaii,N,N
District of Columbia,Idaho,0,247
District of Columbia,Illinois,"2,821","1,669"
District of Columbia,Indiana,218,292
District of Columbia,Iowa,76,98
District of Columbia,Kansas,186,240
District of Columbia,Kentucky,N,N
District of Columbia,Louisiana,846,461
District of Columbia,Maine,209,234
District of Columbia,Maryland,"6,926","1,523"
District of Columbia,Massachusetts,"1,818",613
District of Columbia,Michigan,463,359
District of Columbia,Minnesota,460,340
District of Columbia,Mississippi,N,N
District of Columbia,Missouri,N,N
District of Columbia,Montana,N,N
District of Columbia,Nebraska,296,345
District of Columbia,Nevada,503,434
District of Columbia,New Hampshire,180,217
District of Columbia,New Jersey,"2,547",899
District of Columbia,New Mexico,889,727
District of Columbia,New York,"3,117",916
District of Columbia,North Carolina,"1,392",689
District of Columbia,North Dakota,N,N
District of Columbia,Ohio,"1,239",705
District of Columbia,Oklahoma,283,278
District of Columbia,Oregon,289,225
District of Columbia,Pennsylvania,"3,843","2,232"
District of Columbia,Rhode Island,279,357
District of Columbia,South Carolina,149,164
District of Columbia,South Dakota,0,247
District of Columbia,Tennessee,936,826
District of Columbia,Texas,"1,447",800
District of Columbia,Utah,264,338
District of Columbia,Vermont,0,247
District of Columbia,Virginia,"7,200","2,204"
District of Columbia,Washington,456,333
District of Columbia,West Virginia,0,247
District of Columbia,Wisconsin,526,323
District of Columbia,Wyoming,0,247
District of Columbia,Puerto Rico,113,159
District of Columbia,U.S. Island Areas,0,247
District of Columbia,Foreign country,"8,922","2,237"
Florida,Alabama,"11,110","3,108"
Florida,Alaska,"2,693","1,896"
Florida,Arizona,"9,255","2,344"
Florida,Arkansas,"4,633","2,564"
Florida,California,"36,194","5,759"
Florida,Colorado,"9,951","2,110"
Florida,Connecticut,"9,767","2,747"
Florida,Delaware,"1,581",994
Florida,District of Columbia ,"1,878",889
Florida,Florida,X,X
Florida,Georgia,"34,388","6,124"
Florida,Hawaii,"3,966","2,243"
Florida,Idaho,"1,019",630
Florida,Illinois,"24,410","4,381"
Florida,Indiana,"14,906","3,336"
Florida,Iowa,"1,724",999
Florida,Kansas,"4,722","1,935"
Florida,Kentucky,"9,372","3,044"
Florida,Louisiana,"4,215","1,576"
Florida,Maine,"3,261","1,999"
Florida,Maryland,"16,358","3,488"
Florida,Massachusetts,"21,834","4,803"
Florida,Michigan,"18,558","4,612"
Florida,Minnesota,"8,506","2,785"
Florida,Mississippi,"4,724","3,591"
Florida,Missouri,"8,080","2,426"
Florida,Montana,244,277
Florida,Nebraska,"1,017",824
Florida,Nevada,"9,338","3,210"
Florida,New Hampshire,"1,730",909
Florida,New Jersey,"22,646","4,042"
Florida,New Mexico,"2,076","1,285"
Florida,New York,"50,661","6,714"
Florida,North Carolina,"25,865","5,677"
Florida,North Dakota,901,496
Florida,Ohio,"19,342","3,542"
Florida,Oklahoma,"3,466","2,011"
Florida,Oregon,"2,825","1,169"
Florida,Pennsylvania,"33,530","6,458"
Florida,Rhode Island,"2,205","1,011"
Florida,South Carolina,"9,304","2,219"
Florida,South Dakota,955,753
Florida,Tennessee,"16,211","4,653"
Florida,Texas,"45,259","12,219"
Florida,Utah,"5,748","2,973"
Florida,Vermont,872,476
Florida,Virginia,"28,901","6,694"
Florida,Washington,"10,574","3,473"
Florida,West Virginia,"3,114","1,550"
Florida,Wisconsin,"8,210","2,433"
Florida,Wyoming,"1,777","1,104"
Florida,Puerto Rico,"9,395","2,450"
Florida,U.S. Island Areas,"2,039","1,281"
Florida,Foreign country,"288,048","16,402"
Georgia,Alabama,"15,804","5,475"
Georgia,Alaska,"1,367","1,158"
Georgia,Arizona,"5,085","3,014"
Georgia,Arkansas,"1,452",954
Georgia,California,"14,052","3,801"
Georgia,Colorado,"4,594","1,813"
Georgia,Connecticut,"3,760","1,767"
Georgia,Delaware,485,380
Georgia,District of Columbia ,802,673
Georgia,Florida,"52,371","8,290"
Georgia,Georgia,X,X
Georgia,Hawaii,620,592
Georgia,Idaho,319,369
Georgia,Illinois,"6,392","2,157"
Georgia,Indiana,"2,189","1,082"
Georgia,Iowa,"1,004",687
Georgia,Kansas,"2,411","1,521"
Georgia,Kentucky,"2,791","1,535"
Georgia,Louisiana,"6,487","2,221"
Georgia,Maine,N,N
Georgia,Maryland,"6,199","1,461"
Georgia,Massachusetts,"4,877","2,140"
Georgia,Michigan,"3,434","1,408"
Georgia,Minnesota,859,556
Georgia,Mississippi,"3,304","1,354"
Georgia,Missouri,"3,386","1,520"
Georgia,Montana,746,615
Georgia,Nebraska,597,537
Georgia,Nevada,"2,001","1,269"
Georgia,New Hampshire,404,459
Georgia,New Jersey,"6,770","2,580"
Georgia,New Mexico,"1,718","1,205"
Georgia,New York,"12,771","3,304"
Georgia,North Carolina,"15,283","2,967"
Georgia,North Dakota,0,232
Georgia,Ohio,"5,300","1,570"
Georgia,Oklahoma,"1,261","1,097"
Georgia,Oregon,"1,162",699
Georgia,Pennsylvania,"7,365","2,340"
Georgia,Rhode Island,0,232
Georgia,South Carolina,"16,878","4,012"
Georgia,South Dakota,N,N
Georgia,Tennessee,"10,017","2,556"
Georgia,Texas,"20,968","3,871"
Georgia,Utah,160,175
Georgia,Vermont,721,726
Georgia,Virginia,"10,298","3,734"
Georgia,Washington,"3,488","1,075"
Georgia,West Virginia,"1,195",974
Georgia,Wisconsin,"3,019","1,980"
Georgia,Wyoming,N,N
Georgia,Puerto Rico,"1,580",911
Georgia,U.S. Island Areas,"1,969","1,179"
Georgia,Foreign country,"82,376","9,381"
Hawaii,Alabama,466,636
Hawaii,Alaska,618,524
Hawaii,Arizona,"1,594",885
Hawaii,Arkansas,0,193
Hawaii,California,"10,516","2,445"
Hawaii,Colorado,"1,054",492
Hawaii,Connecticut,285,332
Hawaii,Delaware,0,193
Hawaii,District of Columbia ,0,193
Hawaii,Florida,"4,002","1,825"
Hawaii,Georgia,"1,810","1,496"
Hawaii,Hawaii,X,X
Hawaii,Idaho,345,319
Hawaii,Illinois,652,603
Hawaii,Indiana,N,N
Hawaii,Iowa,385,369
Hawaii,Kansas,535,564
Hawaii,Kentucky,265,268
Hawaii,Louisiana,0,193
Hawaii,Maine,528,541
Hawaii,Maryland,276,258
Hawaii,Massachusetts,386,322
Hawaii,Michigan,345,241
Hawaii,Minnesota,230,261
Hawaii,Mississippi,264,280
Hawaii,Missouri,"1,025",705
Hawaii,Montana,194,178
Hawaii,Nebraska,N,N
Hawaii,Nevada,"1,355",782
Hawaii,New Hampshire,420,556
Hawaii,New Jersey,952,663
Hawaii,New Mexico,N,N
Hawaii,New York,"1,595",700
Hawaii,North Carolina,"2,289","1,348"
Hawaii,North Dakota,0,193
Hawaii,Ohio,"1,287",971
Hawaii,Oklahoma,613,497
Hawaii,Oregon,821,426
Hawaii,Pennsylvania,"1,741","1,380"
Hawaii,Rhode Island,184,310
Hawaii,South Carolina,"1,213","1,054"
Hawaii,South Dakota,N,N
Hawaii,Tennessee,530,486
Hawaii,Texas,"5,174","2,026"
Hawaii,Utah,"1,407",671
Hawaii,Vermont,0,193
Hawaii,Virginia,"3,143","1,389"
Hawaii,Washington,"4,329","1,535"
Hawaii,West Virginia,265,275
Hawaii,Wisconsin,N,N
Hawaii,Wyoming,N,N
Hawaii,Puerto Rico,N,N
Hawaii,U.S. Island Areas,667,586
Hawaii,Foreign country,"12,094","2,191"
Idaho,Alabama,82,125
Idaho,Alaska,938,650
Idaho,Arizona,"4,511","1,645"
Idaho,Arkansas,N,N
Idaho,California,"15,385","2,919"
Idaho,Colorado,"2,295","1,050"
Idaho,Connecticut,0,198
Idaho,Delaware,0,198
Idaho,District of Columbia ,0,198
Idaho,Florida,"1,522",742
Idaho,Georgia,458,429
Idaho,Hawaii,424,247
Idaho,Idaho,X,X
Idaho,Illinois,544,484
Idaho,Indiana,852,962
Idaho,Iowa,309,282
Idaho,Kansas,250,253
Idaho,Kentucky,249,225
Idaho,Louisiana,506,847
Idaho,Maine,0,198
Idaho,Maryland,186,215
Idaho,Massachusetts,N,N
Idaho,Michigan,437,347
Idaho,Minnesota,805,440
Idaho,Mississippi,0,198
Idaho,Missouri,"1,065",901
Idaho,Montana,"2,214","1,018"
Idaho,Nebraska,388,411
Idaho,Nevada,"3,270","1,674"
Idaho,New Hampshire,0,198
Idaho,New Jersey,383,563
Idaho,New Mexico,595,476
Idaho,New York,335,252
Idaho,North Carolina,643,517
Idaho,North Dakota,188,244
Idaho,Ohio,634,451
Idaho,Oklahoma,146,166
Idaho,Oregon,"4,206","1,226"
Idaho,Pennsylvania,935,655
Idaho,Rhode Island,0,198
Idaho,South Carolina,N,N
Idaho,South Dakota,461,383
Idaho,Tennessee,88,105
Idaho,Texas,"2,169","1,185"
Idaho,Utah,"5,417","1,302"
Idaho,Vermont,N,N
Idaho,Virginia,600,372
Idaho,Washington,"17,837","3,554"
Idaho,West Virginia,N,N
Idaho,Wisconsin,416,455
Idaho,Wyoming,699,504
Idaho,Puerto Rico,0,198
Idaho,U.S. Island Areas,163,167
Idaho,Foreign country,"8,112","1,745"
Illinois,Alabama,859,465
Illinois,Alaska,367,385
Illinois,Arizona,"6,130","1,899"
Illinois,Arkansas,"1,361",697
Illinois,California,"15,128","2,843"
Illinois,Colorado,"3,917","1,424"
Illinois,Connecticut,"2,116","1,513"
Illinois,Delaware,868,"1,115"
Illinois,District of Columbia ,761,432
Illinois,Florida,"12,751","2,882"
Illinois,Georgia,"5,242","1,896"
Illinois,Hawaii,375,330
Illinois,Idaho,"1,371",808
Illinois,Illinois,X,X
Illinois,Indiana,"14,098","3,099"
Illinois,Iowa,"6,721","1,744"
Illinois,Kansas,"3,693","1,865"
Illinois,Kentucky,"2,394",710
Illinois,Louisiana,"2,737","1,315"
Illinois,Maine,199,212
Illinois,Maryland,"2,462","1,794"
Illinois,Massachusetts,"4,239","1,561"
Illinois,Michigan,"9,418","2,605"
Illinois,Minnesota,"4,471","1,583"
Illinois,Mississippi,722,430
Illinois,Missouri,"10,892","2,510"
Illinois,Montana,N,N
Illinois,Nebraska,"1,312",599
Illinois,Nevada,"2,130",976
Illinois,New Hampshire,95,136
Illinois,New Jersey,"2,490",788
Illinois,New Mexico,486,415
Illinois,New York,"11,082","3,600"
Illinois,North Carolina,"4,493","1,498"
Illinois,North Dakota,164,173
Illinois,Ohio,"7,372","2,025"
Illinois,Oklahoma,"1,644","1,331"
Illinois,Oregon,"1,114",770
Illinois,Pennsylvania,"4,420","1,679"
Illinois,Rhode Island,N,N
Illinois,South Carolina,683,550
Illinois,South Dakota,343,284
Illinois,Tennessee,"3,992","1,354"
Illinois,Texas,"18,189","3,474"
Illinois,Utah,311,332
Illinois,Vermont,809,850
Illinois,Virginia,"4,974","2,291"
Illinois,Washington,"4,302","1,779"
Illinois,West Virginia,"1,335","1,153"
Illinois,Wisconsin,"14,131","2,749"
Illinois,Wyoming,833,549
Illinois,Puerto Rico,"1,392","1,478"
Illinois,U.S. Island Areas,218,318
Illinois,Foreign country,"93,948","11,590"
Indiana,Alabama,"1,933","1,062"
Indiana,Alaska,0,211
Indiana,Arizona,"1,483",644
Indiana,Arkansas,340,317
Indiana,California,"9,740","2,396"
Indiana,Colorado,"3,265","1,577"
Indiana,Connecticut,760,588
Indiana,Delaware,0,211
Indiana,District of Columbia ,N,N
Indiana,Florida,"9,264","2,655"
Indiana,Georgia,"5,140","2,513"
Indiana,Hawaii,408,381
Indiana,Idaho,"1,357",890
Indiana,Illinois,"25,727","3,764"
Indiana,Indiana,X,X
Indiana,Iowa,"1,199",953
Indiana,Kansas,305,271
Indiana,Kentucky,"10,166","2,125"
Indiana,Louisiana,"1,984","1,198"
Indiana,Maine,N,N
Indiana,Maryland,426,329
Indiana,Massachusetts,469,387
Indiana,Michigan,"7,283","1,726"
Indiana,Minnesota,"2,221","1,094"
Indiana,Mississippi,277,297
Indiana,Missouri,"2,463","1,301"
Indiana,Montana,174,155
Indiana,Nebraska,N,N
Indiana,Nevada,677,586
Indiana,New Hampshire,537,403
Indiana,New Jersey,"4,409","2,646"
Indiana,New Mexico,218,223
Indiana,New York,"3,091","1,419"
Indiana,North Carolina,"2,158","1,339"
Indiana,North Dakota,0,211
Indiana,Ohio,"11,600","2,893"
Indiana,Oklahoma,556,398
Indiana,Oregon,549,650
Indiana,Pennsylvania,"3,772","1,932"
Indiana,Rhode Island,N,N
Indiana,South Carolina,766,630
Indiana,South Dakota,515,566
Indiana,Tennessee,"4,460","1,890"
Indiana,Texas,"5,637","1,796"
Indiana,Utah,706,643
Indiana,Vermont,0,211
Indiana,Virginia,"2,679","1,256"
Indiana,Washington,"2,430","1,082"
Indiana,West Virginia,121,208
Indiana,Wisconsin,"2,107",897
Indiana,Wyoming,N,N
Indiana,Puerto Rico,N,N
Indiana,U.S. Island Areas,N,N
Indiana,Foreign country,"35,322","4,727"
Iowa,Alabama,323,371
Iowa,Alaska,0,174
Iowa,Arizona,"2,187",942
Iowa,Arkansas,646,540
Iowa,California,"2,485","1,155"
Iowa,Colorado,"2,866","1,605"
Iowa,Connecticut,287,349
Iowa,Delaware,0,174
Iowa,District of Columbia ,N,N
Iowa,Florida,"2,158",854
Iowa,Georgia,289,261
Iowa,Hawaii,0,174
Iowa,Idaho,449,318
Iowa,Illinois,"10,691","2,090"
Iowa,Indiana,751,487
Iowa,Iowa,X,X
Iowa,Kansas,"2,460","1,764"
Iowa,Kentucky,356,304
Iowa,Louisiana,314,393
Iowa,Maine,0,174
Iowa,Maryland,N,N
Iowa,Massachusetts,282,241
Iowa,Michigan,825,482
Iowa,Minnesota,"5,086","1,099"
Iowa,Mississippi,83,103
Iowa,Missouri,"3,254",970
Iowa,Montana,N,N
Iowa,Nebraska,"4,800","1,250"
Iowa,Nevada,224,174
Iowa,New Hampshire,0,174
Iowa,New Jersey,N,N
Iowa,New Mexico,505,589
Iowa,New York,924,635
Iowa,North Carolina,500,349
Iowa,North Dakota,148,110
Iowa,Ohio,782,487
Iowa,Oklahoma,319,227
Iowa,Oregon,177,218
Iowa,Pennsylvania,936,651
Iowa,Rhode Island,0,174
Iowa,South Carolina,149,155
Iowa,South Dakota,"2,231",878
Iowa,Tennessee,733,475
Iowa,Texas,"5,861","2,811"
Iowa,Utah,318,342
Iowa,Vermont,N,N
Iowa,Virginia,409,295
Iowa,Washington,652,304
Iowa,West Virginia,N,N
Iowa,Wisconsin,"3,739",964
Iowa,Wyoming,N,N
Iowa,Puerto Rico,897,973
Iowa,U.S. Island Areas,257,358
Iowa,Foreign country,"11,947","2,665"
Kansas,Alabama,"1,239",903
Kansas,Alaska,N,N
Kansas,Arizona,"4,068","2,270"
Kansas,Arkansas,"1,494",896
Kansas,California,"5,217","1,468"
Kansas,Colorado,"6,987","2,091"
Kansas,Connecticut,306,237
Kansas,Delaware,269,432
Kansas,District of Columbia ,0,189
Kansas,Florida,"2,512","1,065"
Kansas,Georgia,"1,547","1,040"
Kansas,Hawaii,672,583
Kansas,Idaho,157,205
Kansas,Illinois,"1,466",525
Kansas,Indiana,537,358
Kansas,Iowa,"1,184",452
Kansas,Kansas,X,X
Kansas,Kentucky,611,466
Kansas,Louisiana,432,577
Kansas,Maine,N,N
Kansas,Maryland,"1,754","1,286"
Kansas,Massachusetts,223,275
Kansas,Michigan,396,432
Kansas,Minnesota,427,269
Kansas,Mississippi,349,348
Kansas,Missouri,"21,660","3,165"
Kansas,Montana,381,553
Kansas,Nebraska,"3,236","1,585"
Kansas,Nevada,"1,103",866
Kansas,New Hampshire,225,362
Kansas,New Jersey,N,N
Kansas,New Mexico,454,338
Kansas,New York,"1,110",807
Kansas,North Carolina,"1,807",999
Kansas,North Dakota,0,189
Kansas,Ohio,804,540
Kansas,Oklahoma,"5,414","2,204"
Kansas,Oregon,761,544
Kansas,Pennsylvania,930,806
Kansas,Rhode Island,0,189
Kansas,South Carolina,167,185
Kansas,South Dakota,N,N
Kansas,Tennessee,"2,515","1,468"
Kansas,Texas,"6,355","1,985"
Kansas,Utah,782,684
Kansas,Vermont,0,189
Kansas,Virginia,845,524
Kansas,Washington,"1,979","1,052"
Kansas,West Virginia,N,N
Kansas,Wisconsin,708,559
Kansas,Wyoming,N,N
Kansas,Puerto Rico,"1,034","1,073"
Kansas,U.S. Island Areas,0,189
Kansas,Foreign country,"15,650","3,368"
Kentucky,Alabama,758,451
Kentucky,Alaska,295,365
Kentucky,Arizona,"1,167",791
Kentucky,Arkansas,459,424
Kentucky,California,"6,856","2,902"
Kentucky,Colorado,"2,206","1,246"
Kentucky,Connecticut,N,N
Kentucky,Delaware,0,208
Kentucky,District of Columbia ,N,N
Kentucky,Florida,"7,326","1,925"
Kentucky,Georgia,"5,106","1,679"
Kentucky,Hawaii,N,N
Kentucky,Idaho,232,201
Kentucky,Illinois,"3,102","1,145"
Kentucky,Indiana,"7,756","1,564"
Kentucky,Iowa,497,587
Kentucky,Kansas,813,530
Kentucky,Kentucky,X,X
Kentucky,Louisiana,503,242
Kentucky,Maine,0,208
Kentucky,Maryland,"1,413",764
Kentucky,Massachusetts,637,501
Kentucky,Michigan,"2,226",984
Kentucky,Minnesota,405,412
Kentucky,Mississippi,545,380
Kentucky,Missouri,"2,671","1,520"
Kentucky,Montana,547,855
Kentucky,Nebraska,485,370
Kentucky,Nevada,204,145
Kentucky,New Hampshire,N,N
Kentucky,New Jersey,"1,083","1,079"
Kentucky,New Mexico,141,61
Kentucky,New York,"2,294","1,070"
Kentucky,North Carolina,"3,509","2,868"
Kentucky,North Dakota,0,208
Kentucky,Ohio,"14,376","3,608"
Kentucky,Oklahoma,300,498
Kentucky,Oregon,304,399
Kentucky,Pennsylvania,"1,388",730
Kentucky,Rhode Island,274,317
Kentucky,South Carolina,430,292
Kentucky,South Dakota,263,340
Kentucky,Tennessee,"14,181","4,150"
Kentucky,Texas,"2,807","1,153"
Kentucky,Utah,319,247
Kentucky,Vermont,148,217
Kentucky,Virginia,"2,797","1,159"
Kentucky,Washington,"1,028",575
Kentucky,West Virginia,"2,915","1,687"
Kentucky,Wisconsin,236,186
Kentucky,Wyoming,450,386
Kentucky,Puerto Rico,726,759
Kentucky,U.S. Island Areas,N,N
Kentucky,Foreign country,"24,464","4,704"
Louisiana,Alabama,"2,085","1,033"
Louisiana,Alaska,468,787
Louisiana,Arizona,297,359
Louisiana,Arkansas,"3,011","1,213"
Louisiana,California,"3,544","1,536"
Louisiana,Colorado,"2,633","1,997"
Louisiana,Connecticut,129,168
Louisiana,Delaware,N,N
Louisiana,District of Columbia ,145,147
Louisiana,Florida,"4,570","1,864"
Louisiana,Georgia,"3,919","1,695"
Louisiana,Hawaii,337,304
Louisiana,Idaho,0,224
Louisiana,Illinois,"1,715","1,094"
Louisiana,Indiana,834,487
Louisiana,Iowa,698,457
Louisiana,Kansas,805,541
Louisiana,Kentucky,396,304
Louisiana,Louisiana,X,X
Louisiana,Maine,0,224
Louisiana,Maryland,815,852
Louisiana,Massachusetts,N,N
Louisiana,Michigan,"1,703","2,149"
Louisiana,Minnesota,N,N
Louisiana,Mississippi,"5,108","1,973"
Louisiana,Missouri,"2,795","2,481"
Louisiana,Montana,0,224
Louisiana,Nebraska,N,N
Louisiana,Nevada,268,318
Louisiana,New Hampshire,0,224
Louisiana,New Jersey,197,181
Louisiana,New Mexico,695,524
Louisiana,New York,"1,836","1,055"
Louisiana,North Carolina,"1,358",974
Louisiana,North Dakota,497,501
Louisiana,Ohio,217,206
Louisiana,Oklahoma,"1,461","1,073"
Louisiana,Oregon,178,169
Louisiana,Pennsylvania,"2,577","1,456"
Louisiana,Rhode Island,98,92
Louisiana,South Carolina,967,661
Louisiana,South Dakota,N,N
Louisiana,Tennessee,"1,241",882
Louisiana,Texas,"19,850","3,560"
Louisiana,Utah,"1,105",732
Louisiana,Vermont,N,N
Louisiana,Virginia,"2,002","1,366"
Louisiana,Washington,402,488
Louisiana,West Virginia,36,44
Louisiana,Wisconsin,0,224
Louisiana,Wyoming,N,N
Louisiana,Puerto Rico,N,N
Louisiana,U.S. Island Areas,311,277
Louisiana,Foreign country,"23,798","4,540"
Maine,Alabama,505,299
Maine,Alaska,"1,091",975
Maine,Arizona,731,"1,060"
Maine,Arkansas,119,142
Maine,California,"1,784",875
Maine,Colorado,680,391
Maine,Connecticut,"1,219",640
Maine,Delaware,129,111
Maine,District of Columbia ,341,333
Maine,Florida,"3,192","1,282"
Maine,Georgia,121,135
Maine,Hawaii,273,300
Maine,Idaho,0,179
Maine,Illinois,N,N
Maine,Indiana,142,169
Maine,Iowa,0,179
Maine,Kansas,338,301
Maine,Kentucky,0,179
Maine,Louisiana,466,265
Maine,Maine,X,X
Maine,Maryland,916,777
Maine,Massachusetts,"6,723","2,509"
Maine,Michigan,83,143
Maine,Minnesota,104,183
Maine,Mississippi,0,179
Maine,Missouri,606,840
Maine,Montana,346,304
Maine,Nebraska,116,162
Maine,Nevada,144,171
Maine,New Hampshire,"4,373","1,699"
Maine,New Jersey,829,691
Maine,New Mexico,123,134
Maine,New York,"1,927",803
Maine,North Carolina,"1,266",711
Maine,North Dakota,0,179
Maine,Ohio,272,260
Maine,Oklahoma,423,409
Maine,Oregon,462,359
Maine,Pennsylvania,834,499
Maine,Rhode Island,837,675
Maine,South Carolina,274,222
Maine,South Dakota,0,179
Maine,Tennessee,585,437
Maine,Texas,227,188
Maine,Utah,430,316
Maine,Vermont,466,380
Maine,Virginia,883,430
Maine,Washington,609,464
Maine,West Virginia,0,179
Maine,Wisconsin,292,323
Maine,Wyoming,N,N
Maine,Puerto Rico,89,164
Maine,U.S. Island Areas,0,179
Maine,Foreign country,"8,089","3,034"
Maryland,Alabama,"1,636","1,523"
Maryland,Alaska,N,N
Maryland,Arizona,"1,822","1,168"
Maryland,Arkansas,0,228
Maryland,California,"11,078","3,398"
Maryland,Colorado,"2,748","1,215"
Maryland,Connecticut,"1,813","1,316"
Maryland,Delaware,"5,781","1,822"
Maryland,District of Columbia ,"16,780","3,634"
Maryland,Florida,"9,358","2,214"
Maryland,Georgia,"5,702","2,720"
Maryland,Hawaii,901,"1,153"
Maryland,Idaho,299,480
Maryland,Illinois,653,427
Maryland,Indiana,175,203
Maryland,Iowa,774,540
Maryland,Kansas,"2,158","1,975"
Maryland,Kentucky,787,787
Maryland,Louisiana,"1,267",967
Maryland,Maine,390,327
Maryland,Maryland,X,X
Maryland,Massachusetts,"4,130","1,405"
Maryland,Michigan,"1,672","1,032"
Maryland,Minnesota,986,615
Maryland,Mississippi,219,368
Maryland,Missouri,654,430
Maryland,Montana,N,N
Maryland,Nebraska,"1,250","1,415"
Maryland,Nevada,898,562
Maryland,New Hampshire,600,470
Maryland,New Jersey,"5,550","1,553"
Maryland,New Mexico,896,649
Maryland,New York,"12,198","3,420"
Maryland,North Carolina,"6,410","2,300"
Maryland,North Dakota,529,817
Maryland,Ohio,963,448
Maryland,Oklahoma,910,"1,347"
Maryland,Oregon,448,507
Maryland,Pennsylvania,"12,638","2,389"
Maryland,Rhode Island,919,667
Maryland,South Carolina,"2,246",775
Maryland,South Dakota,348,367
Maryland,Tennessee,"1,242",692
Maryland,Texas,"10,467","3,471"
Maryland,Utah,232,253
Maryland,Vermont,345,347
Maryland,Virginia,"28,004","5,694"
Maryland,Washington,"1,381",898
Maryland,West Virginia,"2,338",902
Maryland,Wisconsin,"1,695","1,681"
Maryland,Wyoming,0,228
Maryland,Puerto Rico,"1,080","1,059"
Maryland,U.S. Island Areas,859,561
Maryland,Foreign country,"42,853","5,906"
Massachusetts,Alabama,693,524
Massachusetts,Alaska,N,N
Massachusetts,Arizona,643,562
Massachusetts,Arkansas,0,228
Massachusetts,California,"13,810","2,866"
Massachusetts,Colorado,"3,460","2,161"
Massachusetts,Connecticut,"9,936","1,952"
Massachusetts,Delaware,202,251
Massachusetts,District of Columbia ,"1,249",781
Massachusetts,Florida,"10,580","2,788"
Massachusetts,Georgia,"3,513","1,568"
Massachusetts,Hawaii,497,485
Massachusetts,Idaho,160,280
Massachusetts,Illinois,"3,274","1,334"
Massachusetts,Indiana,901,565
Massachusetts,Iowa,925,670
Massachusetts,Kansas,382,264
Massachusetts,Kentucky,286,294
Massachusetts,Louisiana,479,369
Massachusetts,Maine,"6,746","2,201"
Massachusetts,Maryland,"2,728","1,079"
Massachusetts,Massachusetts,X,X
Massachusetts,Michigan,"1,994","1,021"
Massachusetts,Minnesota,"1,304",813
Massachusetts,Mississippi,N,N
Massachusetts,Missouri,562,405
Massachusetts,Montana,258,287
Massachusetts,Nebraska,N,N
Massachusetts,Nevada,564,581
Massachusetts,New Hampshire,"11,286","2,887"
Massachusetts,New Jersey,"6,536","1,517"
Massachusetts,New Mexico,603,603
Massachusetts,New York,"18,697","3,077"
Massachusetts,North Carolina,"3,643","1,493"
Massachusetts,North Dakota,N,N
Massachusetts,Ohio,"2,466","1,601"
Massachusetts,Oklahoma,N,N
Massachusetts,Oregon,"1,537",686
Massachusetts,Pennsylvania,"5,490","1,672"
Massachusetts,Rhode Island,"15,235","4,211"
Massachusetts,South Carolina,"2,047","1,626"
Massachusetts,South Dakota,N,N
Massachusetts,Tennessee,"1,554",805
Massachusetts,Texas,"6,191","1,928"
Massachusetts,Utah,"1,570","1,170"
Massachusetts,Vermont,"1,734",600
Massachusetts,Virginia,"4,484","1,677"
Massachusetts,Washington,"2,252",930
Massachusetts,West Virginia,0,228
Massachusetts,Wisconsin,"1,291",932
Massachusetts,Wyoming,0,228
Massachusetts,Puerto Rico,617,573
Massachusetts,U.S. Island Areas,166,193
Massachusetts,Foreign country,"66,158","7,616"
Michigan,Alabama,913,780
Michigan,Alaska,411,337
Michigan,Arizona,"4,050","1,566"
Michigan,Arkansas,151,108
Michigan,California,"14,005","4,112"
Michigan,Colorado,"2,043",984
Michigan,Connecticut,434,280
Michigan,Delaware,N,N
Michigan,District of Columbia ,441,387
Michigan,Florida,"19,282","4,668"
Michigan,Georgia,"3,948","2,418"
Michigan,Hawaii,272,283
Michigan,Idaho,275,213
Michigan,Illinois,"12,464","2,739"
Michigan,Indiana,"8,855","1,871"
Michigan,Iowa,733,591
Michigan,Kansas,"2,263","1,365"
Michigan,Kentucky,"2,769","1,297"
Michigan,Louisiana,964,539
Michigan,Maine,130,169
Michigan,Maryland,"2,394",899
Michigan,Massachusetts,"1,358",718
Michigan,Michigan,X,X
Michigan,Minnesota,"2,453",948
Michigan,Mississippi,260,351
Michigan,Missouri,"1,808","1,138"
Michigan,Montana,726,638
Michigan,Nebraska,556,486
Michigan,Nevada,908,545
Michigan,New Hampshire,397,433
Michigan,New Jersey,"2,646","1,670"
Michigan,New Mexico,"2,246","2,210"
Michigan,New York,"3,338","1,072"
Michigan,North Carolina,"4,166","1,650"
Michigan,North Dakota,194,256
Michigan,Ohio,"13,776","3,189"
Michigan,Oklahoma,"1,463",772
Michigan,Oregon,"1,015",460
Michigan,Pennsylvania,"2,357","1,040"
Michigan,Rhode Island,413,380
Michigan,South Carolina,985,528
Michigan,South Dakota,316,309
Michigan,Tennessee,"2,391",963
Michigan,Texas,"8,217","2,157"
Michigan,Utah,520,397
Michigan,Vermont,137,194
Michigan,Virginia,"2,274",716
Michigan,Washington,"1,723",659
Michigan,West Virginia,769,455
Michigan,Wisconsin,"5,826","1,911"
Michigan,Wyoming,288,268
Michigan,Puerto Rico,711,658
Michigan,U.S. Island Areas,260,198
Michigan,Foreign country,"54,673","7,033"
Minnesota,Alabama,825,"1,005"
Minnesota,Alaska,822,849
Minnesota,Arizona,"2,608",748
Minnesota,Arkansas,324,434
Minnesota,California,"6,928","2,325"
Minnesota,Colorado,"3,457","1,435"
Minnesota,Connecticut,300,260
Minnesota,Delaware,0,157
Minnesota,District of Columbia ,415,358
Minnesota,Florida,"5,993","1,643"
Minnesota,Georgia,"1,183",651
Minnesota,Hawaii,N,N
Minnesota,Idaho,853,546
Minnesota,Illinois,"5,140","1,386"
Minnesota,Indiana,"2,127",683
Minnesota,Iowa,"5,965","1,581"
Minnesota,Kansas,"3,171","2,188"
Minnesota,Kentucky,393,311
Minnesota,Louisiana,385,290
Minnesota,Maine,N,N
Minnesota,Maryland,944,668
Minnesota,Massachusetts,"1,687",788
Minnesota,Michigan,"2,580",943
Minnesota,Minnesota,X,X
Minnesota,Mississippi,142,137
Minnesota,Missouri,"1,914",920
Minnesota,Montana,710,358
Minnesota,Nebraska,"2,415","1,179"
Minnesota,Nevada,"1,409",991
Minnesota,New Hampshire,0,157
Minnesota,New Jersey,516,349
Minnesota,New Mexico,572,430
Minnesota,New York,"2,788","1,019"
Minnesota,North Carolina,"1,816","1,181"
Minnesota,North Dakota,"6,171","1,506"
Minnesota,Ohio,"1,878",919
Minnesota,Oklahoma,121,109
Minnesota,Oregon,"1,322",647
Minnesota,Pennsylvania,637,375
Minnesota,Rhode Island,N,N
Minnesota,South Carolina,166,184
Minnesota,South Dakota,"2,736",776
Minnesota,Tennessee,"1,929","1,164"
Minnesota,Texas,"4,579","1,736"
Minnesota,Utah,611,539
Minnesota,Vermont,161,25
Minnesota,Virginia,335,321
Minnesota,Washington,"4,847","2,453"
Minnesota,West Virginia,0,157
Minnesota,Wisconsin,"20,316","3,235"
Minnesota,Wyoming,148,97
Minnesota,Puerto Rico,267,382
Minnesota,U.S. Island Areas,383,323
Minnesota,Foreign country,"29,527","4,700"
Mississippi,Alabama,"8,215","3,035"
Mississippi,Alaska,0,226
Mississippi,Arizona,255,227
Mississippi,Arkansas,"5,010","2,899"
Mississippi,California,"2,785","1,494"
Mississippi,Colorado,846,728
Mississippi,Connecticut,0,226
Mississippi,Delaware,N,N
Mississippi,District of Columbia ,0,226
Mississippi,Florida,"3,023","1,163"
Mississippi,Georgia,"3,210","1,580"
Mississippi,Hawaii,0,226
Mississippi,Idaho,N,N
Mississippi,Illinois,"1,744",592
Mississippi,Indiana,325,307
Mississippi,Iowa,0,226
Mississippi,Kansas,N,N
Mississippi,Kentucky,215,217
Mississippi,Louisiana,"7,040","1,846"
Mississippi,Maine,0,226
Mississippi,Maryland,783,870
Mississippi,Massachusetts,388,335
Mississippi,Michigan,624,592
Mississippi,Minnesota,263,385
Mississippi,Mississippi,X,X
Mississippi,Missouri,459,363
Mississippi,Montana,N,N
Mississippi,Nebraska,N,N
Mississippi,Nevada,533,494
Mississippi,New Hampshire,215,233
Mississippi,New Jersey,N,N
Mississippi,New Mexico,0,226
Mississippi,New York,529,508
Mississippi,North Carolina,"1,811",874
Mississippi,North Dakota,0,226
Mississippi,Ohio,"1,058",929
Mississippi,Oklahoma,"1,547","1,115"
Mississippi,Oregon,"1,128",822
Mississippi,Pennsylvania,"1,589","1,103"
Mississippi,Rhode Island,N,N
Mississippi,South Carolina,426,477
Mississippi,South Dakota,478,556
Mississippi,Tennessee,"8,457","2,868"
Mississippi,Texas,"8,574","2,693"
Mississippi,Utah,177,218
Mississippi,Vermont,122,154
Mississippi,Virginia,"1,565",792
Mississippi,Washington,788,701
Mississippi,West Virginia,0,226
Mississippi,Wisconsin,N,N
Mississippi,Wyoming,310,365
Mississippi,Puerto Rico,N,N
Mississippi,U.S. Island Areas,97,97
Mississippi,Foreign country,"15,301","3,440"
Missouri,Alabama,"1,771",912
Missouri,Alaska,411,402
Missouri,Arizona,"4,895","1,641"
Missouri,Arkansas,"5,767","1,955"
Missouri,California,"8,786","2,191"
Missouri,Colorado,"7,388","2,551"
Missouri,Connecticut,N,N
Missouri,Delaware,206,285
Missouri,District of Columbia ,N,N
Missouri,Florida,"6,623","1,785"
Missouri,Georgia,"4,242","1,640"
Missouri,Hawaii,324,288
Missouri,Idaho,916,568
Missouri,Illinois,"18,362","3,110"
Missouri,Indiana,"2,893","1,414"
Missouri,Iowa,"2,421",738
Missouri,Kansas,"18,446","3,129"
Missouri,Kentucky,"1,292",758
Missouri,Louisiana,"1,261",674
Missouri,Maine,N,N
Missouri,Maryland,"1,287",760
Missouri,Massachusetts,390,296
Missouri,Michigan,"2,471","1,714"
Missouri,Minnesota,"2,962","1,335"
Missouri,Mississippi,605,475
Missouri,Missouri,X,X
Missouri,Montana,314,316
Missouri,Nebraska,"3,215","1,239"
Missouri,Nevada,648,474
Missouri,New Hampshire,N,N
Missouri,New Jersey,832,515
Missouri,New Mexico,942,649
Missouri,New York,"4,973","2,533"
Missouri,North Carolina,"2,847","1,427"
Missouri,North Dakota,137,144
Missouri,Ohio,"2,267",962
Missouri,Oklahoma,"3,750","1,165"
Missouri,Oregon,"1,130",650
Missouri,Pennsylvania,"1,195",620
Missouri,Rhode Island,0,198
Missouri,South Carolina,"1,721","1,414"
Missouri,South Dakota,687,553
Missouri,Tennessee,"2,380","1,044"
Missouri,Texas,"12,723","2,888"
Missouri,Utah,935,568
Missouri,Vermont,0,198
Missouri,Virginia,"1,238",659
Missouri,Washington,"2,244",827
Missouri,West Virginia,781,981
Missouri,Wisconsin,"1,233",701
Missouri,Wyoming,N,N
Missouri,Puerto Rico,N,N
Missouri,U.S. Island Areas,677,694
Missouri,Foreign country,"28,597","4,209"
Montana,Alabama,287,382
Montana,Alaska,"1,767","1,621"
Montana,Arizona,"2,330","1,157"
Montana,Arkansas,N,N
Montana,California,"4,872","1,563"
Montana,Colorado,"3,002","1,368"
Montana,Connecticut,0,185
Montana,Delaware,0,185
Montana,District of Columbia ,0,185
Montana,Florida,"1,353",942
Montana,Georgia,240,217
Montana,Hawaii,897,903
Montana,Idaho,"1,318",693
Montana,Illinois,80,62
Montana,Indiana,N,N
Montana,Iowa,104,104
Montana,Kansas,260,299
Montana,Kentucky,0,185
Montana,Louisiana,N,N
Montana,Maine,N,N
Montana,Maryland,207,162
Montana,Massachusetts,424,315
Montana,Michigan,170,154
Montana,Minnesota,"1,435",817
Montana,Mississippi,0,185
Montana,Missouri,697,649
Montana,Montana,X,X
Montana,Nebraska,744,995
Montana,Nevada,226,243
Montana,New Hampshire,0,185
Montana,New Jersey,614,558
Montana,New Mexico,583,586
Montana,New York,703,598
Montana,North Carolina,104,105
Montana,North Dakota,591,462
Montana,Ohio,848,513
Montana,Oklahoma,N,N
Montana,Oregon,"1,606","1,198"
Montana,Pennsylvania,438,334
Montana,Rhode Island,0,185
Montana,South Carolina,497,374
Montana,South Dakota,672,598
Montana,Tennessee,0,185
Montana,Texas,"2,147",910
Montana,Utah,706,389
Montana,Vermont,191,170
Montana,Virginia,312,358
Montana,Washington,"3,631","1,556"
Montana,West Virginia,177,294
Montana,Wisconsin,287,302
Montana,Wyoming,"1,215",622
Montana,Puerto Rico,0,185
Montana,U.S. Island Areas,123,154
Montana,Foreign country,"3,499","1,301"
Nebraska,Alabama,N,N
Nebraska,Alaska,0,175
Nebraska,Arizona,"2,264","1,183"
Nebraska,Arkansas,665,645
Nebraska,California,"3,163","1,057"
Nebraska,Colorado,"3,680","1,097"
Nebraska,Connecticut,0,175
Nebraska,Delaware,98,138
Nebraska,District of Columbia ,266,359
Nebraska,Florida,"3,970","1,955"
Nebraska,Georgia,720,537
Nebraska,Hawaii,197,227
Nebraska,Idaho,N,N
Nebraska,Illinois,841,587
Nebraska,Indiana,318,294
Nebraska,Iowa,"6,626","1,928"
Nebraska,Kansas,"2,013","1,229"
Nebraska,Kentucky,607,552
Nebraska,Louisiana,106,139
Nebraska,Maine,0,175
Nebraska,Maryland,888,"1,208"
Nebraska,Massachusetts,0,175
Nebraska,Michigan,508,419
Nebraska,Minnesota,"1,232",707
Nebraska,Mississippi,0,175
Nebraska,Missouri,"1,099",645
Nebraska,Montana,53,78
Nebraska,Nebraska,X,X
Nebraska,Nevada,566,408
Nebraska,New Hampshire,N,N
Nebraska,New Jersey,0,175
Nebraska,New Mexico,567,511
Nebraska,New York,"2,654","1,712"
Nebraska,North Carolina,483,575
Nebraska,North Dakota,630,606
Nebraska,Ohio,"1,106","1,220"
Nebraska,Oklahoma,465,389
Nebraska,Oregon,209,266
Nebraska,Pennsylvania,754,484
Nebraska,Rhode Island,N,N
Nebraska,South Carolina,428,426
Nebraska,South Dakota,"4,055","2,381"
Nebraska,Tennessee,443,514
Nebraska,Texas,"2,391","1,151"
Nebraska,Utah,"1,119","1,312"
Nebraska,Vermont,0,175
Nebraska,Virginia,538,333
Nebraska,Washington,"1,493","1,430"
Nebraska,West Virginia,0,175
Nebraska,Wisconsin,974,622
Nebraska,Wyoming,"1,257",785
Nebraska,Puerto Rico,N,N
Nebraska,U.S. Island Areas,0,175
Nebraska,Foreign country,"12,884","3,105"
Nevada,Alabama,832,831
Nevada,Alaska,271,194
Nevada,Arizona,"5,504","1,946"
Nevada,Arkansas,801,849
Nevada,California,"53,289","6,970"
Nevada,Colorado,"3,886","1,832"
Nevada,Connecticut,832,614
Nevada,Delaware,0,236
Nevada,District of Columbia ,"1,341","1,787"
Nevada,Florida,"6,293","2,487"
Nevada,Georgia,"2,604","1,647"
Nevada,Hawaii,"2,501","1,347"
Nevada,Idaho,"2,150",766
Nevada,Illinois,"3,104","1,519"
Nevada,Indiana,927,801
Nevada,Iowa,"2,010","1,608"
Nevada,Kansas,437,605
Nevada,Kentucky,N,N
Nevada,Louisiana,802,665
Nevada,Maine,0,236
Nevada,Maryland,0,236
Nevada,Massachusetts,681,506
Nevada,Michigan,980,810
Nevada,Minnesota,"1,132",820
Nevada,Mississippi,170,169
Nevada,Missouri,"1,114",767
Nevada,Montana,521,357
Nevada,Nebraska,0,236
Nevada,Nevada,X,X
Nevada,New Hampshire,N,N
Nevada,New Jersey,"1,368",855
Nevada,New Mexico,"1,320",968
Nevada,New York,"2,584","1,323"
Nevada,North Carolina,541,448
Nevada,North Dakota,880,724
Nevada,Ohio,"1,028",769
Nevada,Oklahoma,500,478
Nevada,Oregon,"2,358","1,167"
Nevada,Pennsylvania,"2,382","1,762"
Nevada,Rhode Island,0,236
Nevada,South Carolina,631,440
Nevada,South Dakota,293,325
Nevada,Tennessee,"2,047","1,548"
Nevada,Texas,"8,327","3,687"
Nevada,Utah,"3,440","1,524"
Nevada,Vermont,0,236
Nevada,Virginia,"4,626","3,052"
Nevada,Washington,"4,887","2,314"
Nevada,West Virginia,0,236
Nevada,Wisconsin,362,431
Nevada,Wyoming,694,608
Nevada,Puerto Rico,161,267
Nevada,U.S. Island Areas,0,236
Nevada,Foreign country,"27,416","5,045"
New Hampshire,Alabama,N,N
New Hampshire,Alaska,0,200
New Hampshire,Arizona,555,528
New Hampshire,Arkansas,505,647
New Hampshire,California,"1,710","1,143"
New Hampshire,Colorado,"1,448","1,224"
New Hampshire,Connecticut,"1,139",752
New Hampshire,Delaware,N,N
New Hampshire,District of Columbia ,326,287
New Hampshire,Florida,"3,590","1,569"
New Hampshire,Georgia,451,392
New Hampshire,Hawaii,498,616
New Hampshire,Idaho,0,200
New Hampshire,Illinois,328,377
New Hampshire,Indiana,N,N
New Hampshire,Iowa,0,200
New Hampshire,Kansas,N,N
New Hampshire,Kentucky,N,N
New Hampshire,Louisiana,410,483
New Hampshire,Maine,"3,115",965
New Hampshire,Maryland,N,N
New Hampshire,Massachusetts,"20,310","3,696"
New Hampshire,Michigan,N,N
New Hampshire,Minnesota,104,135
New Hampshire,Mississippi,N,N
New Hampshire,Missouri,N,N
New Hampshire,Montana,0,200
New Hampshire,Nebraska,N,N
New Hampshire,Nevada,685,644
New Hampshire,New Hampshire,X,X
New Hampshire,New Jersey,171,193
New Hampshire,New Mexico,0,200
New Hampshire,New York,"2,115",876
New Hampshire,North Carolina,870,729
New Hampshire,North Dakota,0,200
New Hampshire,Ohio,"1,050",823
New Hampshire,Oklahoma,0,200
New Hampshire,Oregon,N,N
New Hampshire,Pennsylvania,"1,401","1,226"
New Hampshire,Rhode Island,986,668
New Hampshire,South Carolina,303,274
New Hampshire,South Dakota,N,N
New Hampshire,Tennessee,230,309
New Hampshire,Texas,"1,913","1,617"
New Hampshire,Utah,218,241
New Hampshire,Vermont,"1,592",780
New Hampshire,Virginia,203,181
New Hampshire,Washington,N,N
New Hampshire,West Virginia,N,N
New Hampshire,Wisconsin,N,N
New Hampshire,Wyoming,N,N
New Hampshire,Puerto Rico,N,N
New Hampshire,U.S. Island Areas,0,200
New Hampshire,Foreign country,"4,781","2,171"
New Jersey,Alabama,441,412
New Jersey,Alaska,N,N
New Jersey,Arizona,"1,789",962
New Jersey,Arkansas,238,265
New Jersey,California,"8,021","2,510"
New Jersey,Colorado,829,480
New Jersey,Connecticut,"2,153","1,169"
New Jersey,Delaware,"3,347","1,138"
New Jersey,District of Columbia ,304,237
New Jersey,Florida,"12,121","3,185"
New Jersey,Georgia,"1,764",778
New Jersey,Hawaii,N,N
New Jersey,Idaho,72,85
New Jersey,Illinois,"2,836","1,283"
New Jersey,Indiana,"2,410","1,557"
New Jersey,Iowa,"2,427","1,908"
New Jersey,Kansas,N,N
New Jersey,Kentucky,509,439
New Jersey,Louisiana,N,N
New Jersey,Maine,0,226
New Jersey,Maryland,"1,393",756
New Jersey,Massachusetts,"4,041","1,776"
New Jersey,Michigan,"1,831",810
New Jersey,Minnesota,N,N
New Jersey,Mississippi,N,N
New Jersey,Missouri,593,532
New Jersey,Montana,204,199
New Jersey,Nebraska,400,430
New Jersey,Nevada,N,N
New Jersey,New Hampshire,317,392
New Jersey,New Jersey,X,X
New Jersey,New Mexico,229,301
New Jersey,New York,"56,799","8,244"
New Jersey,North Carolina,"4,950","2,047"
New Jersey,North Dakota,0,226
New Jersey,Ohio,"1,712","1,147"
New Jersey,Oklahoma,N,N
New Jersey,Oregon,331,474
New Jersey,Pennsylvania,"25,902","3,756"
New Jersey,Rhode Island,408,531
New Jersey,South Carolina,"1,659",867
New Jersey,South Dakota,0,226
New Jersey,Tennessee,"1,122","1,019"
New Jersey,Texas,"2,930","1,744"
New Jersey,Utah,158,154
New Jersey,Vermont,492,381
New Jersey,Virginia,"3,328","1,632"
New Jersey,Washington,643,401
New Jersey,West Virginia,N,N
New Jersey,Wisconsin,"1,113","1,084"
New Jersey,Wyoming,0,226
New Jersey,Puerto Rico,499,382
New Jersey,U.S. Island Areas,53,18
New Jersey,Foreign country,"90,178","9,200"
New Mexico,Alabama,"1,191",838
New Mexico,Alaska,539,493
New Mexico,Arizona,"3,394","1,092"
New Mexico,Arkansas,266,234
New Mexico,California,"8,699","2,726"
New Mexico,Colorado,"3,654","1,481"
New Mexico,Connecticut,340,470
New Mexico,Delaware,N,N
New Mexico,District of Columbia ,0,216
New Mexico,Florida,"2,348","1,145"
New Mexico,Georgia,810,579
New Mexico,Hawaii,505,600
New Mexico,Idaho,357,389
New Mexico,Illinois,681,544
New Mexico,Indiana,544,418
New Mexico,Iowa,N,N
New Mexico,Kansas,533,460
New Mexico,Kentucky,N,N
New Mexico,Louisiana,314,365
New Mexico,Maine,0,216
New Mexico,Maryland,N,N
New Mexico,Massachusetts,0,216
New Mexico,Michigan,158,176
New Mexico,Minnesota,"1,566","1,286"
New Mexico,Mississippi,N,N
New Mexico,Missouri,372,387
New Mexico,Montana,"1,419","1,480"
New Mexico,Nebraska,290,183
New Mexico,Nevada,898,544
New Mexico,New Hampshire,0,216
New Mexico,New Jersey,0,216
New Mexico,New Mexico,X,X
New Mexico,New York,453,612
New Mexico,North Carolina,"1,264","1,056"
New Mexico,North Dakota,N,N
New Mexico,Ohio,575,355
New Mexico,Oklahoma,"2,058","1,034"
New Mexico,Oregon,"1,015",541
New Mexico,Pennsylvania,675,434
New Mexico,Rhode Island,189,242
New Mexico,South Carolina,N,N
New Mexico,South Dakota,626,587
New Mexico,Tennessee,267,374
New Mexico,Texas,"13,543","3,249"
New Mexico,Utah,582,741
New Mexico,Vermont,0,216
New Mexico,Virginia,690,589
New Mexico,Washington,"1,528",792
New Mexico,West Virginia,N,N
New Mexico,Wisconsin,645,474
New Mexico,Wyoming,N,N
New Mexico,Puerto Rico,N,N
New Mexico,U.S. Island Areas,469,604
New Mexico,Foreign country,"10,844","3,649"
New York,Alabama,N,N
New York,Alaska,690,576
New York,Arizona,"2,936","1,141"
New York,Arkansas,532,436
New York,California,"31,367","4,875"
New York,Colorado,"7,985","3,618"
New York,Connecticut,"15,160","3,301"
New York,Delaware,603,400
New York,District of Columbia ,"4,795","1,495"
New York,Florida,"28,080","4,963"
New York,Georgia,"8,252","2,319"
New York,Hawaii,"2,299","1,352"
New York,Idaho,405,354
New York,Illinois,"7,781","1,903"
New York,Indiana,"1,716",741
New York,Iowa,227,157
New York,Kansas,"1,209",874
New York,Kentucky,927,742
New York,Louisiana,"1,352",984
New York,Maine,"1,326",643
New York,Maryland,"8,400","2,298"
New York,Massachusetts,"17,862","2,974"
New York,Michigan,"4,299","1,429"
New York,Minnesota,"1,430",829
New York,Mississippi,"1,238","1,414"
New York,Missouri,"2,171","1,142"
New York,Montana,434,670
New York,Nebraska,572,611
New York,Nevada,"1,153",735
New York,New Hampshire,"3,689","1,175"
New York,New Jersey,"36,002","5,753"
New York,New Mexico,306,226
New York,New York,X,X
New York,North Carolina,"10,076","2,104"
New York,North Dakota,N,N
New York,Ohio,"3,356","1,284"
New York,Oklahoma,"1,033",655
New York,Oregon,"1,895","1,033"
New York,Pennsylvania,"23,152","3,265"
New York,Rhode Island,"1,485",739
New York,South Carolina,"5,749","1,738"
New York,South Dakota,0,220
New York,Tennessee,"3,201","1,593"
New York,Texas,"16,324","3,888"
New York,Utah,"1,124",604
New York,Vermont,"2,668",927
New York,Virginia,"10,310","2,359"
New York,Washington,"6,409","1,675"
New York,West Virginia,771,581
New York,Wisconsin,"2,117",957
New York,Wyoming,0,220
New York,Puerto Rico,"1,627",517
New York,U.S. Island Areas,0,220
New York,Foreign country,"167,914","11,124"
North Carolina,Alabama,"4,757","1,604"
North Carolina,Alaska,"1,963","1,213"
North Carolina,Arizona,"5,516","1,760"
North Carolina,Arkansas,454,359
North Carolina,California,"18,428","4,002"
North Carolina,Colorado,"7,031","2,178"
North Carolina,Connecticut,"4,643","2,352"
North Carolina,Delaware,501,618
North Carolina,District of Columbia ,"2,078","1,773"
North Carolina,Florida,"33,591","4,724"
North Carolina,Georgia,"19,031","4,094"
North Carolina,Hawaii,"1,704","1,356"
North Carolina,Idaho,"1,018",996
North Carolina,Illinois,"4,375","1,886"
North Carolina,Indiana,"3,154","1,421"
North Carolina,Iowa,"2,313","1,353"
North Carolina,Kansas,"1,356",803
North Carolina,Kentucky,"3,261","1,229"
North Carolina,Louisiana,"1,390",603
North Carolina,Maine,"2,542","1,715"
North Carolina,Maryland,"8,874","2,299"
North Carolina,Massachusetts,"5,343","1,842"
North Carolina,Michigan,"5,132","1,919"
North Carolina,Minnesota,"1,784",820
North Carolina,Mississippi,734,539
North Carolina,Missouri,"4,136","2,215"
North Carolina,Montana,878,515
North Carolina,Nebraska,867,564
North Carolina,Nevada,"1,687","1,060"
North Carolina,New Hampshire,553,416
North Carolina,New Jersey,"9,282","3,207"
North Carolina,New Mexico,371,493
North Carolina,New York,"17,978","3,464"
North Carolina,North Carolina,X,X
North Carolina,North Dakota,586,547
North Carolina,Ohio,"6,401","1,836"
North Carolina,Oklahoma,"1,944",978
North Carolina,Oregon,"3,152","1,613"
North Carolina,Pennsylvania,"13,261","3,306"
North Carolina,Rhode Island,"1,227",906
North Carolina,South Carolina,"29,982","4,618"
North Carolina,South Dakota,309,329
North Carolina,Tennessee,"8,763","3,119"
North Carolina,Texas,"16,498","3,764"
North Carolina,Utah,"3,023","1,607"
North Carolina,Vermont,240,205
North Carolina,Virginia,"28,409","5,573"
North Carolina,Washington,"2,843","1,314"
North Carolina,West Virginia,"1,002",620
North Carolina,Wisconsin,"3,870","1,880"
North Carolina,Wyoming,"1,547","1,885"
North Carolina,Puerto Rico,659,616
North Carolina,U.S. Island Areas,173,173
North Carolina,Foreign country,"85,629","10,114"
North Dakota,Alabama,0,175
North Dakota,Alaska,262,276
North Dakota,Arizona,"1,028",789
North Dakota,Arkansas,76,90
North Dakota,California,859,692
North Dakota,Colorado,"1,372",862
North Dakota,Connecticut,165,233
North Dakota,Delaware,0,175
North Dakota,District of Columbia ,0,175
North Dakota,Florida,"1,497","1,576"
North Dakota,Georgia,565,689
North Dakota,Hawaii,0,175
North Dakota,Idaho,441,329
North Dakota,Illinois,469,455
North Dakota,Indiana,895,760
North Dakota,Iowa,431,541
North Dakota,Kansas,"1,966","1,349"
North Dakota,Kentucky,N,N
North Dakota,Louisiana,N,N
North Dakota,Maine,0,175
North Dakota,Maryland,0,175
North Dakota,Massachusetts,0,175
North Dakota,Michigan,N,N
North Dakota,Minnesota,"7,088","1,389"
North Dakota,Mississippi,N,N
North Dakota,Missouri,137,146
North Dakota,Montana,"1,556","1,131"
North Dakota,Nebraska,202,234
North Dakota,Nevada,165,221
North Dakota,New Hampshire,283,314
North Dakota,New Jersey,115,175
North Dakota,New Mexico,N,N
North Dakota,New York,0,175
North Dakota,North Carolina,230,198
North Dakota,North Dakota,X,X
North Dakota,Ohio,N,N
North Dakota,Oklahoma,616,515
North Dakota,Oregon,N,N
North Dakota,Pennsylvania,"1,734","1,175"
North Dakota,Rhode Island,0,175
North Dakota,South Carolina,0,175
North Dakota,South Dakota,"1,205",613
North Dakota,Tennessee,134,246
North Dakota,Texas,"1,407",661
North Dakota,Utah,"1,301","1,197"
North Dakota,Vermont,0,175
North Dakota,Virginia,350,386
North Dakota,Washington,226,311
North Dakota,West Virginia,0,175
North Dakota,Wisconsin,287,340
North Dakota,Wyoming,N,N
North Dakota,Puerto Rico,0,175
North Dakota,U.S. Island Areas,150,169
North Dakota,Foreign country,"5,549","2,411"
Ohio,Alabama,"1,756","1,007"
Ohio,Alaska,"1,515","1,161"
Ohio,Arizona,"4,733","1,679"
Ohio,Arkansas,887,574
Ohio,California,"8,011","2,067"
Ohio,Colorado,"4,483","1,891"
Ohio,Connecticut,"1,348",629
Ohio,Delaware,682,378
Ohio,District of Columbia ,419,303
Ohio,Florida,"20,338","3,696"
Ohio,Georgia,"6,094","2,030"
Ohio,Hawaii,505,336
Ohio,Idaho,733,594
Ohio,Illinois,"9,332","2,186"
Ohio,Indiana,"10,916","2,649"
Ohio,Iowa,"1,433",884
Ohio,Kansas,"1,202",773
Ohio,Kentucky,"13,444","3,027"
Ohio,Louisiana,"1,531","1,232"
Ohio,Maine,169,174
Ohio,Maryland,"3,749","1,381"
Ohio,Massachusetts,"2,178",841
Ohio,Michigan,"14,467","3,424"
Ohio,Minnesota,"1,062",550
Ohio,Mississippi,880,650
Ohio,Missouri,"3,652","1,353"
Ohio,Montana,705,530
Ohio,Nebraska,"1,374",789
Ohio,Nevada,840,622
Ohio,New Hampshire,454,442
Ohio,New Jersey,"6,137","2,556"
Ohio,New Mexico,"1,033",744
Ohio,New York,"7,174","1,966"
Ohio,North Carolina,"6,467","1,716"
Ohio,North Dakota,308,265
Ohio,Ohio,X,X
Ohio,Oklahoma,"1,060",684
Ohio,Oregon,"1,463",694
Ohio,Pennsylvania,"11,009","2,338"
Ohio,Rhode Island,176,183
Ohio,South Carolina,"5,842","1,910"
Ohio,South Dakota,599,864
Ohio,Tennessee,"6,298","2,121"
Ohio,Texas,"8,797","2,340"
Ohio,Utah,"1,818","1,047"
Ohio,Vermont,0,211
Ohio,Virginia,"9,082","2,897"
Ohio,Washington,"2,375","1,224"
Ohio,West Virginia,"6,646","1,970"
Ohio,Wisconsin,"2,621","1,299"
Ohio,Wyoming,93,180
Ohio,Puerto Rico,172,194
Ohio,U.S. Island Areas,473,411
Ohio,Foreign country,"53,617","6,519"
Oklahoma,Alabama,840,521
Oklahoma,Alaska,579,390
Oklahoma,Arizona,"1,828",860
Oklahoma,Arkansas,"5,998","1,642"
Oklahoma,California,"11,605","2,566"
Oklahoma,Colorado,"6,328","1,701"
Oklahoma,Connecticut,N,N
Oklahoma,Delaware,0,168
Oklahoma,District of Columbia ,N,N
Oklahoma,Florida,"6,268","2,094"
Oklahoma,Georgia,"1,675",846
Oklahoma,Hawaii,N,N
Oklahoma,Idaho,690,502
Oklahoma,Illinois,"3,218","1,974"
Oklahoma,Indiana,"1,782",830
Oklahoma,Iowa,671,677
Oklahoma,Kansas,"4,459",996
Oklahoma,Kentucky,548,551
Oklahoma,Louisiana,"1,963",875
Oklahoma,Maine,863,859
Oklahoma,Maryland,961,551
Oklahoma,Massachusetts,537,435
Oklahoma,Michigan,587,331
Oklahoma,Minnesota,825,650
Oklahoma,Mississippi,"1,323",991
Oklahoma,Missouri,"4,054","1,228"
Oklahoma,Montana,378,310
Oklahoma,Nebraska,335,353
Oklahoma,Nevada,740,624
Oklahoma,New Hampshire,N,N
Oklahoma,New Jersey,568,476
Oklahoma,New Mexico,"1,692",704
Oklahoma,New York,"1,654",978
Oklahoma,North Carolina,"1,450",886
Oklahoma,North Dakota,398,393
Oklahoma,Ohio,"1,133",572
Oklahoma,Oklahoma,X,X
Oklahoma,Oregon,514,400
Oklahoma,Pennsylvania,"1,042",619
Oklahoma,Rhode Island,0,168
Oklahoma,South Carolina,0,168
Oklahoma,South Dakota,183,198
Oklahoma,Tennessee,"2,857","1,035"
Oklahoma,Texas,"28,074","3,746"
Oklahoma,Utah,"2,043","1,903"
Oklahoma,Vermont,N,N
Oklahoma,Virginia,"3,027","2,070"
Oklahoma,Washington,"1,754",849
Oklahoma,West Virginia,116,188
Oklahoma,Wisconsin,"1,061",584
Oklahoma,Wyoming,N,N
Oklahoma,Puerto Rico,193,316
Oklahoma,U.S. Island Areas,92,118
Oklahoma,Foreign country,"21,450","4,348"
Oregon,Alabama,959,"1,192"
Oregon,Alaska,"1,217",915
Oregon,Arizona,"7,194","2,095"
Oregon,Arkansas,435,404
Oregon,California,"31,500","4,443"
Oregon,Colorado,"5,157","1,606"
Oregon,Connecticut,251,225
Oregon,Delaware,0,220
Oregon,District of Columbia ,311,250
Oregon,Florida,"2,742","1,537"
Oregon,Georgia,240,209
Oregon,Hawaii,"1,604",947
Oregon,Idaho,"4,397","1,638"
Oregon,Illinois,"1,653",840
Oregon,Indiana,"1,251",976
Oregon,Iowa,214,214
Oregon,Kansas,721,510
Oregon,Kentucky,328,422
Oregon,Louisiana,N,N
Oregon,Maine,284,223
Oregon,Maryland,N,N
Oregon,Massachusetts,"1,805",942
Oregon,Michigan,623,441
Oregon,Minnesota,997,683
Oregon,Mississippi,N,N
Oregon,Missouri,"1,247","1,056"
Oregon,Montana,"2,783","1,497"
Oregon,Nebraska,307,264
Oregon,Nevada,"2,569","1,394"
Oregon,New Hampshire,270,367
Oregon,New Jersey,"2,552","2,290"
Oregon,New Mexico,"2,029","1,267"
Oregon,New York,"1,975","1,169"
Oregon,North Carolina,"1,932",968
Oregon,North Dakota,N,N
Oregon,Ohio,"2,170","1,308"
Oregon,Oklahoma,658,508
Oregon,Oregon,X,X
Oregon,Pennsylvania,"1,041",520
Oregon,Rhode Island,346,473
Oregon,South Carolina,419,325
Oregon,South Dakota,"1,031",817
Oregon,Tennessee,564,524
Oregon,Texas,"6,446","1,564"
Oregon,Utah,"3,727","1,331"
Oregon,Vermont,N,N
Oregon,Virginia,"1,221",825
Oregon,Washington,"20,388","3,359"
Oregon,West Virginia,0,220
Oregon,Wisconsin,N,N
Oregon,Wyoming,316,318
Oregon,Puerto Rico,0,220
Oregon,U.S. Island Areas,0,220
Oregon,Foreign country,"23,558","5,041"
Pennsylvania,Alabama,"1,624","1,094"
Pennsylvania,Alaska,527,643
Pennsylvania,Arizona,"1,599",823
Pennsylvania,Arkansas,0,192
Pennsylvania,California,"10,777","2,315"
Pennsylvania,Colorado,"1,796",619
Pennsylvania,Connecticut,"4,704","1,560"
Pennsylvania,Delaware,"6,665","1,696"
Pennsylvania,District of Columbia ,"2,360","1,347"
Pennsylvania,Florida,"25,048","7,963"
Pennsylvania,Georgia,"5,227","2,144"
Pennsylvania,Hawaii,370,344
Pennsylvania,Idaho,865,548
Pennsylvania,Illinois,"5,267","1,510"
Pennsylvania,Indiana,"3,507","1,627"
Pennsylvania,Iowa,"3,205","1,713"
Pennsylvania,Kansas,479,449
Pennsylvania,Kentucky,"1,292",630
Pennsylvania,Louisiana,464,274
Pennsylvania,Maine,201,191
Pennsylvania,Maryland,"18,254","3,761"
Pennsylvania,Massachusetts,"5,948","1,807"
Pennsylvania,Michigan,"1,264",625
Pennsylvania,Minnesota,"2,679","1,619"
Pennsylvania,Mississippi,631,950
Pennsylvania,Missouri,"1,339",678
Pennsylvania,Montana,282,262
Pennsylvania,Nebraska,"1,714","1,469"
Pennsylvania,Nevada,619,361
Pennsylvania,New Hampshire,"1,518",923
Pennsylvania,New Jersey,"38,467","4,874"
Pennsylvania,New Mexico,376,312
Pennsylvania,New York,"29,274","4,078"
Pennsylvania,North Carolina,"7,838","2,108"
Pennsylvania,North Dakota,69,120
Pennsylvania,Ohio,"12,344","3,400"
Pennsylvania,Oklahoma,"1,170","1,009"
Pennsylvania,Oregon,801,726
Pennsylvania,Pennsylvania,X,X
Pennsylvania,Rhode Island,850,557
Pennsylvania,South Carolina,"3,670","1,176"
Pennsylvania,South Dakota,283,280
Pennsylvania,Tennessee,"2,440","1,534"
Pennsylvania,Texas,"7,249","1,783"
Pennsylvania,Utah,"1,920","1,105"
Pennsylvania,Vermont,744,570
Pennsylvania,Virginia,"8,597","2,499"
Pennsylvania,Washington,"2,804","1,178"
Pennsylvania,West Virginia,"3,296","1,111"
Pennsylvania,Wisconsin,"2,151","1,274"
Pennsylvania,Wyoming,N,N
Pennsylvania,Puerto Rico,"3,188","1,766"
Pennsylvania,U.S. Island Areas,N,N
Pennsylvania,Foreign country,"60,469","7,933"
Rhode Island,Alabama,0,244
Rhode Island,Alaska,0,244
Rhode Island,Arizona,N,N
Rhode Island,Arkansas,N,N
Rhode Island,California,"1,959","1,072"
Rhode Island,Colorado,134,148
Rhode Island,Connecticut,"2,786",768
Rhode Island,Delaware,N,N
Rhode Island,District of Columbia ,303,283
Rhode Island,Florida,"2,738","1,851"
Rhode Island,Georgia,768,520
Rhode Island,Hawaii,129,160
Rhode Island,Idaho,N,N
Rhode Island,Illinois,525,573
Rhode Island,Indiana,286,372
Rhode Island,Iowa,0,244
Rhode Island,Kansas,"1,023","1,248"
Rhode Island,Kentucky,N,N
Rhode Island,Louisiana,N,N
Rhode Island,Maine,90,108
Rhode Island,Maryland,476,505
Rhode Island,Massachusetts,"11,568","2,985"
Rhode Island,Michigan,248,262
Rhode Island,Minnesota,81,123
Rhode Island,Mississippi,0,244
Rhode Island,Missouri,N,N
Rhode Island,Montana,0,244
Rhode Island,Nebraska,0,244
Rhode Island,Nevada,0,244
Rhode Island,New Hampshire,741,503
Rhode Island,New Jersey,"1,193",519
Rhode Island,New Mexico,N,N
Rhode Island,New York,"3,967","1,731"
Rhode Island,North Carolina,"1,957","1,553"
Rhode Island,North Dakota,0,244
Rhode Island,Ohio,N,N
Rhode Island,Oklahoma,N,N
Rhode Island,Oregon,"1,007","1,098"
Rhode Island,Pennsylvania,518,349
Rhode Island,Rhode Island,X,X
Rhode Island,South Carolina,108,112
Rhode Island,South Dakota,0,244
Rhode Island,Tennessee,157,221
Rhode Island,Texas,960,581
Rhode Island,Utah,N,N
Rhode Island,Vermont,N,N
Rhode Island,Virginia,565,389
Rhode Island,Washington,876,668
Rhode Island,West Virginia,0,244
Rhode Island,Wisconsin,N,N
Rhode Island,Wyoming,0,244
Rhode Island,Puerto Rico,"1,859","1,563"
Rhode Island,U.S. Island Areas,N,N
Rhode Island,Foreign country,"9,974","2,517"
South Carolina,Alabama,"2,317","1,297"
South Carolina,Alaska,141,200
South Carolina,Arizona,"1,989","1,345"
South Carolina,Arkansas,464,415
South Carolina,California,"8,709","2,524"
South Carolina,Colorado,"3,280","1,584"
South Carolina,Connecticut,"2,211","1,126"
South Carolina,Delaware,"1,241",901
South Carolina,District of Columbia ,N,N
South Carolina,Florida,"17,992","3,862"
South Carolina,Georgia,"16,024","3,513"
South Carolina,Hawaii,"1,022",955
South Carolina,Idaho,526,531
South Carolina,Illinois,"6,558","2,059"
South Carolina,Indiana,"1,291",735
South Carolina,Iowa,"1,310",829
South Carolina,Kansas,886,697
South Carolina,Kentucky,"1,837",945
South Carolina,Louisiana,"1,737","1,182"
South Carolina,Maine,0,229
South Carolina,Maryland,"3,916","1,320"
South Carolina,Massachusetts,"3,153","1,199"
South Carolina,Michigan,"2,291","1,289"
South Carolina,Minnesota,"1,255",722
South Carolina,Mississippi,446,417
South Carolina,Missouri,"1,328",827
South Carolina,Montana,0,229
South Carolina,Nebraska,"1,219","1,288"
South Carolina,Nevada,967,704
South Carolina,New Hampshire,"1,478","1,175"
South Carolina,New Jersey,"4,259","1,887"
South Carolina,New Mexico,372,405
South Carolina,New York,"18,324","5,214"
South Carolina,North Carolina,"33,151","5,633"
South Carolina,North Dakota,686,930
South Carolina,Ohio,"4,520","1,621"
South Carolina,Oklahoma,"1,335","1,689"
South Carolina,Oregon,507,387
South Carolina,Pennsylvania,"7,391","1,838"
South Carolina,Rhode Island,170,176
South Carolina,South Carolina,X,X
South Carolina,South Dakota,"1,653","1,655"
South Carolina,Tennessee,"3,385","1,543"
South Carolina,Texas,"8,157","2,881"
South Carolina,Utah,"2,959",765
South Carolina,Vermont,177,205
South Carolina,Virginia,"8,638","2,406"
South Carolina,Washington,"4,330","2,436"
South Carolina,West Virginia,"1,889","1,097"
South Carolina,Wisconsin,"1,092",743
South Carolina,Wyoming,699,639
South Carolina,Puerto Rico,303,253
South Carolina,U.S. Island Areas,826,640
South Carolina,Foreign country,"27,104","5,751"
South Dakota,Alabama,612,839
South Dakota,Alaska,N,N
South Dakota,Arizona,329,296
South Dakota,Arkansas,81,124
South Dakota,California,"1,983",862
South Dakota,Colorado,505,428
South Dakota,Connecticut,N,N
South Dakota,Delaware,753,854
South Dakota,District of Columbia ,0,179
South Dakota,Florida,652,677
South Dakota,Georgia,N,N
South Dakota,Hawaii,134,164
South Dakota,Idaho,325,318
South Dakota,Illinois,349,290
South Dakota,Indiana,71,124
South Dakota,Iowa,"2,375","1,201"
South Dakota,Kansas,321,254
South Dakota,Kentucky,N,N
South Dakota,Louisiana,0,179
South Dakota,Maine,N,N
South Dakota,Maryland,92,82
South Dakota,Massachusetts,145,31
South Dakota,Michigan,140,182
South Dakota,Minnesota,"3,987","1,253"
South Dakota,Mississippi,N,N
South Dakota,Missouri,N,N
South Dakota,Montana,396,254
South Dakota,Nebraska,"2,275",950
South Dakota,Nevada,819,568
South Dakota,New Hampshire,0,179
South Dakota,New Jersey,0,179
South Dakota,New Mexico,N,N
South Dakota,New York,744,712
South Dakota,North Carolina,N,N
South Dakota,North Dakota,"1,850","1,046"
South Dakota,Ohio,0,179
South Dakota,Oklahoma,0,179
South Dakota,Oregon,332,318
South Dakota,Pennsylvania,162,114
South Dakota,Rhode Island,31,7
South Dakota,South Carolina,478,451
South Dakota,South Dakota,X,X
South Dakota,Tennessee,175,154
South Dakota,Texas,994,556
South Dakota,Utah,N,N
South Dakota,Vermont,0,179
South Dakota,Virginia,N,N
South Dakota,Washington,640,496
South Dakota,West Virginia,N,N
South Dakota,Wisconsin,232,251
South Dakota,Wyoming,727,455
South Dakota,Puerto Rico,822,710
South Dakota,U.S. Island Areas,0,179
South Dakota,Foreign country,"5,256","1,405"
Tennessee,Alabama,"9,789","2,113"
Tennessee,Alaska,479,540
Tennessee,Arizona,"2,002",981
Tennessee,Arkansas,"3,503","1,498"
Tennessee,California,"19,670","4,848"
Tennessee,Colorado,"3,980","1,698"
Tennessee,Connecticut,"1,245",872
Tennessee,Delaware,220,296
Tennessee,District of Columbia ,458,340
Tennessee,Florida,"18,526","3,217"
Tennessee,Georgia,"10,786","2,605"
Tennessee,Hawaii,"1,050",960
Tennessee,Idaho,"1,400","1,775"
Tennessee,Illinois,"10,866","3,232"
Tennessee,Indiana,"6,707","3,441"
Tennessee,Iowa,403,375
Tennessee,Kansas,967,674
Tennessee,Kentucky,"7,819","1,873"
Tennessee,Louisiana,"3,339","1,898"
Tennessee,Maine,N,N
Tennessee,Maryland,"1,915",742
Tennessee,Massachusetts,"3,884","1,603"
Tennessee,Michigan,"4,995","2,034"
Tennessee,Minnesota,"2,272","1,227"
Tennessee,Mississippi,"7,292","2,444"
Tennessee,Missouri,"3,476","1,548"
Tennessee,Montana,619,601
Tennessee,Nebraska,319,545
Tennessee,Nevada,"1,300",762
Tennessee,New Hampshire,475,375
Tennessee,New Jersey,"1,129",661
Tennessee,New Mexico,232,249
Tennessee,New York,"7,530","2,911"
Tennessee,North Carolina,"11,741","3,542"
Tennessee,North Dakota,273,332
Tennessee,Ohio,"3,085","1,308"
Tennessee,Oklahoma,"1,678","1,320"
Tennessee,Oregon,"1,037",714
Tennessee,Pennsylvania,"4,061","2,039"
Tennessee,Rhode Island,N,N
Tennessee,South Carolina,"4,212","2,049"
Tennessee,South Dakota,0,230
Tennessee,Tennessee,X,X
Tennessee,Texas,"12,798","2,792"
Tennessee,Utah,"1,535",819
Tennessee,Vermont,N,N
Tennessee,Virginia,"7,649","2,023"
Tennessee,Washington,"2,336","1,113"
Tennessee,West Virginia,949,814
Tennessee,Wisconsin,"1,843","1,886"
Tennessee,Wyoming,N,N
Tennessee,Puerto Rico,"1,201",958
Tennessee,U.S. Island Areas,0,230
Tennessee,Foreign country,"38,159","7,482"
Texas,Alabama,"7,015","1,777"
Texas,Alaska,"2,981","1,262"
Texas,Arizona,"13,503","3,464"
Texas,Arkansas,"9,063","3,256"
Texas,California,"77,161","9,059"
Texas,Colorado,"22,986","4,909"
Texas,Connecticut,"4,022","1,402"
Texas,Delaware,686,486
Texas,District of Columbia ,"2,287","1,387"
Texas,Florida,"52,219","8,571"
Texas,Georgia,"19,481","3,551"
Texas,Hawaii,"4,237","2,321"
Texas,Idaho,"3,374","1,645"
Texas,Illinois,"23,509","4,417"
Texas,Indiana,"8,246","2,755"
Texas,Iowa,"3,755","1,433"
Texas,Kansas,"9,920","3,535"
Texas,Kentucky,"3,912","1,880"
Texas,Louisiana,"24,170","5,369"
Texas,Maine,607,635
Texas,Maryland,"9,407","2,767"
Texas,Massachusetts,"9,454","2,933"
Texas,Michigan,"7,143","2,796"
Texas,Minnesota,"6,098","2,078"
Texas,Mississippi,"11,003","4,181"
Texas,Missouri,"15,134","4,365"
Texas,Montana,"1,190",647
Texas,Nebraska,"5,961","3,142"
Texas,Nevada,"6,147","2,007"
Texas,New Hampshire,707,520
Texas,New Jersey,"11,078","3,309"
Texas,New Mexico,"12,504","2,684"
Texas,New York,"28,233","4,541"
Texas,North Carolina,"15,679","4,224"
Texas,North Dakota,"1,462","1,313"
Texas,Ohio,"13,455","4,323"
Texas,Oklahoma,"18,579","3,583"
Texas,Oregon,"6,248","2,133"
Texas,Pennsylvania,"12,979","3,357"
Texas,Rhode Island,"1,061",886
Texas,South Carolina,"8,106","2,986"
Texas,South Dakota,"2,425","2,090"
Texas,Tennessee,"7,588","2,431"
Texas,Texas,X,X
Texas,Utah,"8,688","3,343"
Texas,Vermont,970,851
Texas,Virginia,"17,996","4,841"
Texas,Washington,"15,937","3,731"
Texas,West Virginia,520,348
Texas,Wisconsin,"5,934","2,517"
Texas,Wyoming,"1,336",865
Texas,Puerto Rico,"4,239","1,872"
Texas,U.S. Island Areas,754,538
Texas,Foreign country,"314,614","21,517"
Utah,Alabama,N,N
Utah,Alaska,"2,147","1,442"
Utah,Arizona,"9,643","2,547"
Utah,Arkansas,269,257
Utah,California,"13,734","3,517"
Utah,Colorado,"5,224","1,404"
Utah,Connecticut,786,766
Utah,Delaware,N,N
Utah,District of Columbia ,191,177
Utah,Florida,"3,331","1,703"
Utah,Georgia,508,355
Utah,Hawaii,"2,734","2,042"
Utah,Idaho,"8,393","2,579"
Utah,Illinois,"2,280","1,181"
Utah,Indiana,184,266
Utah,Iowa,528,244
Utah,Kansas,210,204
Utah,Kentucky,130,160
Utah,Louisiana,N,N
Utah,Maine,430,461
Utah,Maryland,479,397
Utah,Massachusetts,666,492
Utah,Michigan,"1,613",919
Utah,Minnesota,"2,617","3,046"
Utah,Mississippi,197,270
Utah,Missouri,"1,522",730
Utah,Montana,876,582
Utah,Nebraska,455,388
Utah,Nevada,"3,563","1,136"
Utah,New Hampshire,488,300
Utah,New Jersey,"1,093",860
Utah,New Mexico,672,438
Utah,New York,"2,619","1,866"
Utah,North Carolina,"1,686",992
Utah,North Dakota,N,N
Utah,Ohio,"1,834","1,194"
Utah,Oklahoma,"1,122",793
Utah,Oregon,"4,293","1,764"
Utah,Pennsylvania,"1,316",933
Utah,Rhode Island,0,210
Utah,South Carolina,531,358
Utah,South Dakota,N,N
Utah,Tennessee,713,643
Utah,Texas,"6,509","2,113"
Utah,Utah,X,X
Utah,Vermont,N,N
Utah,Virginia,"2,139","1,098"
Utah,Washington,"5,051","2,028"
Utah,West Virginia,0,210
Utah,Wisconsin,535,476
Utah,Wyoming,"1,242",820
Utah,Puerto Rico,N,N
Utah,U.S. Island Areas,332,341
Utah,Foreign country,"22,213","3,762"
Vermont,Alabama,121,174
Vermont,Alaska,0,170
Vermont,Arizona,293,290
Vermont,Arkansas,N,N
Vermont,California,"1,152",790
Vermont,Colorado,243,205
Vermont,Connecticut,909,626
Vermont,Delaware,0,170
Vermont,District of Columbia ,228,306
Vermont,Florida,259,183
Vermont,Georgia,597,435
Vermont,Hawaii,N,N
Vermont,Idaho,405,462
Vermont,Illinois,143,179
Vermont,Indiana,N,N
Vermont,Iowa,0,170
Vermont,Kansas,0,170
Vermont,Kentucky,0,170
Vermont,Louisiana,0,170
Vermont,Maine,726,476
Vermont,Maryland,956,699
Vermont,Massachusetts,"4,274","1,447"
Vermont,Michigan,398,343
Vermont,Minnesota,N,N
Vermont,Mississippi,0,170
Vermont,Missouri,N,N
Vermont,Montana,0,170
Vermont,Nebraska,111,175
Vermont,Nevada,0,170
Vermont,New Hampshire,"1,769",662
Vermont,New Jersey,"1,356",968
Vermont,New Mexico,154,162
Vermont,New York,"3,565","1,311"
Vermont,North Carolina,508,414
Vermont,North Dakota,0,170
Vermont,Ohio,238,269
Vermont,Oklahoma,0,170
Vermont,Oregon,N,N
Vermont,Pennsylvania,"2,434","1,052"
Vermont,Rhode Island,282,252
Vermont,South Carolina,N,N
Vermont,South Dakota,0,170
Vermont,Tennessee,510,464
Vermont,Texas,"1,152",891
Vermont,Utah,461,319
Vermont,Vermont,X,X
Vermont,Virginia,194,235
Vermont,Washington,674,661
Vermont,West Virginia,N,N
Vermont,Wisconsin,N,N
Vermont,Wyoming,0,170
Vermont,Puerto Rico,0,170
Vermont,U.S. Island Areas,0,170
Vermont,Foreign country,"1,856",829
Virginia,Alabama,"3,719","1,903"
Virginia,Alaska,826,772
Virginia,Arizona,"2,662","1,528"
Virginia,Arkansas,"1,031",879
Virginia,California,"20,180","4,162"
Virginia,Colorado,"5,064","1,519"
Virginia,Connecticut,"2,449",964
Virginia,Delaware,"2,342","1,050"
Virginia,District of Columbia ,"9,953","2,300"
Virginia,Florida,"24,818","3,909"
Virginia,Georgia,"9,219","3,137"
Virginia,Hawaii,"3,917","2,352"
Virginia,Idaho,691,728
Virginia,Illinois,"6,488","1,960"
Virginia,Indiana,"2,359",991
Virginia,Iowa,465,381
Virginia,Kansas,862,802
Virginia,Kentucky,"4,259","1,694"
Virginia,Louisiana,"1,361",787
Virginia,Maine,670,579
Virginia,Maryland,"25,183","4,200"
Virginia,Massachusetts,"3,543",956
Virginia,Michigan,"3,563","1,454"
Virginia,Minnesota,648,442
Virginia,Mississippi,563,561
Virginia,Missouri,"3,136","1,159"
Virginia,Montana,596,432
Virginia,Nebraska,"1,747","1,271"
Virginia,Nevada,"2,572","1,754"
Virginia,New Hampshire,217,191
Virginia,New Jersey,"11,018","2,698"
Virginia,New Mexico,"1,735","1,161"
Virginia,New York,"16,364","3,786"
Virginia,North Carolina,"22,757","3,383"
Virginia,North Dakota,0,217
Virginia,Ohio,"3,787","1,359"
Virginia,Oklahoma,747,508
Virginia,Oregon,"1,836",951
Virginia,Pennsylvania,"15,246","3,605"
Virginia,Rhode Island,728,569
Virginia,South Carolina,"12,665","2,634"
Virginia,South Dakota,N,N
Virginia,Tennessee,"6,232","2,345"
Virginia,Texas,"15,476","4,016"
Virginia,Utah,"1,561",754
Virginia,Vermont,217,177
Virginia,Virginia,X,X
Virginia,Washington,"3,386","1,212"
Virginia,West Virginia,"4,965","1,864"
Virginia,Wisconsin,"1,306",625
Virginia,Wyoming,315,340
Virginia,Puerto Rico,730,501
Virginia,U.S. Island Areas,210,214
Virginia,Foreign country,"72,599","8,488"
Washington,Alabama,"1,358",814
Washington,Alaska,"3,176","1,175"
Washington,Arizona,"8,638","2,604"
Washington,Arkansas,470,357
Washington,California,"43,938","5,464"
Washington,Colorado,"9,980","3,014"
Washington,Connecticut,"1,369",916
Washington,Delaware,661,823
Washington,District of Columbia ,"1,849","1,702"
Washington,Florida,"8,419","2,973"
Washington,Georgia,"5,613","2,048"
Washington,Hawaii,"2,534",953
Washington,Idaho,"7,927","1,960"
Washington,Illinois,"5,719","2,534"
Washington,Indiana,"1,883","1,030"
Washington,Iowa,907,766
Washington,Kansas,"1,569","1,131"
Washington,Kentucky,"2,299","2,109"
Washington,Louisiana,707,452
Washington,Maine,640,526
Washington,Maryland,"3,010","1,442"
Washington,Massachusetts,"2,963","1,488"
Washington,Michigan,"1,859","1,075"
Washington,Minnesota,"3,736","1,909"
Washington,Mississippi,294,303
Washington,Missouri,"1,494",684
Washington,Montana,"6,291","2,249"
Washington,Nebraska,724,434
Washington,Nevada,"4,109","1,692"
Washington,New Hampshire,N,N
Washington,New Jersey,"1,643","1,048"
Washington,New Mexico,"2,076","1,902"
Washington,New York,"7,171","2,067"
Washington,North Carolina,"2,733","1,063"
Washington,North Dakota,561,629
Washington,Ohio,"3,410","1,487"
Washington,Oklahoma,"1,960","1,237"
Washington,Oregon,"32,341","4,186"
Washington,Pennsylvania,"2,716","1,420"
Washington,Rhode Island,0,218
Washington,South Carolina,"1,897","1,226"
Washington,South Dakota,"1,105",762
Washington,Tennessee,"2,678","1,451"
Washington,Texas,"16,202","3,734"
Washington,Utah,"4,291","1,562"
Washington,Vermont,N,N
Washington,Virginia,"4,604","1,918"
Washington,Washington,X,X
Washington,West Virginia,0,218
Washington,Wisconsin,"1,495",655
Washington,Wyoming,627,400
Washington,Puerto Rico,0,218
Washington,U.S. Island Areas,722,476
Washington,Foreign country,"81,846","9,486"
West Virginia,Alabama,N,N
West Virginia,Alaska,0,206
West Virginia,Arizona,365,248
West Virginia,Arkansas,0,206
West Virginia,California,"1,000",810
West Virginia,Colorado,260,213
West Virginia,Connecticut,500,476
West Virginia,Delaware,N,N
West Virginia,District of Columbia ,294,11
West Virginia,Florida,"2,474","1,419"
West Virginia,Georgia,"1,731","1,571"
West Virginia,Hawaii,N,N
West Virginia,Idaho,0,206
West Virginia,Illinois,126,182
West Virginia,Indiana,967,622
West Virginia,Iowa,N,N
West Virginia,Kansas,0,206
West Virginia,Kentucky,"1,123",599
West Virginia,Louisiana,N,N
West Virginia,Maine,N,N
West Virginia,Maryland,"3,355","1,131"
West Virginia,Massachusetts,N,N
West Virginia,Michigan,510,355
West Virginia,Minnesota,0,206
West Virginia,Mississippi,0,206
West Virginia,Missouri,315,259
West Virginia,Montana,178,224
West Virginia,Nebraska,N,N
West Virginia,Nevada,N,N
West Virginia,New Hampshire,769,"1,001"
West Virginia,New Jersey,630,380
West Virginia,New Mexico,N,N
West Virginia,New York,595,552
West Virginia,North Carolina,"2,786","1,215"
West Virginia,North Dakota,N,N
West Virginia,Ohio,"4,466","1,665"
West Virginia,Oklahoma,N,N
West Virginia,Oregon,"2,188","2,703"
West Virginia,Pennsylvania,"6,425","1,386"
West Virginia,Rhode Island,0,206
West Virginia,South Carolina,"1,027",583
West Virginia,South Dakota,0,206
West Virginia,Tennessee,280,226
West Virginia,Texas,"2,296",945
West Virginia,Utah,0,206
West Virginia,Vermont,0,206
West Virginia,Virginia,"7,315","2,190"
West Virginia,Washington,145,157
West Virginia,West Virginia,X,X
West Virginia,Wisconsin,375,388
West Virginia,Wyoming,0,206
West Virginia,Puerto Rico,0,206
West Virginia,U.S. Island Areas,0,206
West Virginia,Foreign country,"2,696",980
Wisconsin,Alabama,756,494
Wisconsin,Alaska,701,587
Wisconsin,Arizona,"3,156","1,446"
Wisconsin,Arkansas,216,166
Wisconsin,California,"6,062","2,235"
Wisconsin,Colorado,"2,372",792
Wisconsin,Connecticut,134,179
Wisconsin,Delaware,0,161
Wisconsin,District of Columbia ,127,200
Wisconsin,Florida,"5,624","1,397"
Wisconsin,Georgia,603,458
Wisconsin,Hawaii,220,214
Wisconsin,Idaho,412,396
Wisconsin,Illinois,"24,045","3,201"
Wisconsin,Indiana,"3,419","2,419"
Wisconsin,Iowa,"4,117","1,324"
Wisconsin,Kansas,"1,182",778
Wisconsin,Kentucky,167,194
Wisconsin,Louisiana,181,222
Wisconsin,Maine,101,167
Wisconsin,Maryland,621,602
Wisconsin,Massachusetts,159,155
Wisconsin,Michigan,"6,713","1,680"
Wisconsin,Minnesota,"23,463","3,257"
Wisconsin,Mississippi,N,N
Wisconsin,Missouri,"2,146","1,105"
Wisconsin,Montana,47,61
Wisconsin,Nebraska,810,461
Wisconsin,Nevada,964,602
Wisconsin,New Hampshire,0,161
Wisconsin,New Jersey,"1,144",850
Wisconsin,New Mexico,674,663
Wisconsin,New York,"3,552","1,310"
Wisconsin,North Carolina,"1,044",509
Wisconsin,North Dakota,158,149
Wisconsin,Ohio,"1,259",657
Wisconsin,Oklahoma,880,844
Wisconsin,Oregon,"1,778","1,106"
Wisconsin,Pennsylvania,"1,844","1,057"
Wisconsin,Rhode Island,N,N
Wisconsin,South Carolina,744,632
Wisconsin,South Dakota,"1,354","1,155"
Wisconsin,Tennessee,"1,131",603
Wisconsin,Texas,"7,520","1,983"
Wisconsin,Utah,129,148
Wisconsin,Vermont,0,161
Wisconsin,Virginia,"1,604","1,142"
Wisconsin,Washington,"2,499","1,018"
Wisconsin,West Virginia,N,N
Wisconsin,Wisconsin,X,X
Wisconsin,Wyoming,266,295
Wisconsin,Puerto Rico,406,436
Wisconsin,U.S. Island Areas,558,316
Wisconsin,Foreign country,"19,069","3,609"
Wyoming,Alabama,N,N
Wyoming,Alaska,194,193
Wyoming,Arizona,"1,574","1,413"
Wyoming,Arkansas,0,213
Wyoming,California,"1,957","1,419"
Wyoming,Colorado,"5,552","2,229"
Wyoming,Connecticut,0,213
Wyoming,Delaware,N,N
Wyoming,District of Columbia ,0,213
Wyoming,Florida,"1,233",850
Wyoming,Georgia,46,4
Wyoming,Hawaii,N,N
Wyoming,Idaho,223,324
Wyoming,Illinois,553,609
Wyoming,Indiana,N,N
Wyoming,Iowa,0,213
Wyoming,Kansas,"1,106","1,169"
Wyoming,Kentucky,129,128
Wyoming,Louisiana,34,51
Wyoming,Maine,N,N
Wyoming,Maryland,0,213
Wyoming,Massachusetts,0,213
Wyoming,Michigan,239,279
Wyoming,Minnesota,132,183
Wyoming,Mississippi,N,N
Wyoming,Missouri,124,100
Wyoming,Montana,532,324
Wyoming,Nebraska,327,328
Wyoming,Nevada,934,969
Wyoming,New Hampshire,0,213
Wyoming,New Jersey,0,213
Wyoming,New Mexico,455,488
Wyoming,New York,N,N
Wyoming,North Carolina,183,233
Wyoming,North Dakota,232,226
Wyoming,Ohio,538,517
Wyoming,Oklahoma,115,140
Wyoming,Oregon,902,831
Wyoming,Pennsylvania,296,289
Wyoming,Rhode Island,0,213
Wyoming,South Carolina,N,N
Wyoming,South Dakota,721,498
Wyoming,Tennessee,530,775
Wyoming,Texas,"3,678","1,866"
Wyoming,Utah,"1,429",821
Wyoming,Vermont,96,127
Wyoming,Virginia,88,147
Wyoming,Washington,566,493
Wyoming,West Virginia,0,213
Wyoming,Wisconsin,342,6
Wyoming,Wyoming,X,X
Wyoming,Puerto Rico,0,213
Wyoming,U.S. Island Areas,0,213
Wyoming,Foreign country,"1,681","1,003"
Puerto Rico,Alabama,0,258
Puerto Rico,Alaska,0,258
Puerto Rico,Arizona,0,258
Puerto Rico,Arkansas,0,258
Puerto Rico,California,848,941
Puerto Rico,Colorado,0,258
Puerto Rico,Connecticut,"1,154",699
Puerto Rico,Delaware,0,258
Puerto Rico,District of Columbia ,0,258
Puerto Rico,Florida,"8,427","2,224"
Puerto Rico,Georgia,401,385
Puerto Rico,Hawaii,0,258
Puerto Rico,Idaho,0,258
Puerto Rico,Illinois,881,700
Puerto Rico,Indiana,0,258
Puerto Rico,Iowa,0,258
Puerto Rico,Kansas,N,N
Puerto Rico,Kentucky,0,258
Puerto Rico,Louisiana,N,N
Puerto Rico,Maine,N,N
Puerto Rico,Maryland,N,N
Puerto Rico,Massachusetts,"1,392","1,057"
Puerto Rico,Michigan,0,258
Puerto Rico,Minnesota,0,258
Puerto Rico,Mississippi,0,258
Puerto Rico,Missouri,0,258
Puerto Rico,Montana,0,258
Puerto Rico,Nebraska,0,258
Puerto Rico,Nevada,0,258
Puerto Rico,New Hampshire,N,N
Puerto Rico,New Jersey,"1,574","1,174"
Puerto Rico,New Mexico,0,258
Puerto Rico,New York,"1,460",877
Puerto Rico,North Carolina,N,N
Puerto Rico,North Dakota,N,N
Puerto Rico,Ohio,"1,511","1,137"
Puerto Rico,Oklahoma,N,N
Puerto Rico,Oregon,0,258
Puerto Rico,Pennsylvania,"2,288","1,049"
Puerto Rico,Rhode Island,0,258
Puerto Rico,South Carolina,312,369
Puerto Rico,South Dakota,N,N
Puerto Rico,Tennessee,N,N
Puerto Rico,Texas,413,350
Puerto Rico,Utah,0,258
Puerto Rico,Vermont,0,258
Puerto Rico,Virginia,"1,795","1,122"
Puerto Rico,Washington,0,258
Puerto Rico,West Virginia,0,258
Puerto Rico,Wisconsin,N,N
Puerto Rico,Wyoming,0,258
Puerto Rico,Puerto Rico,X,X
Puerto Rico,U.S. Island Areas,0,258
Puerto Rico,Foreign country,"5,778","2,093"
,,,
X Not applicable,,,
N The estimate or margin of error cannot be displayed because there were an insufficient number of sample cases in the selected geographic area.,,,
"1 States include the 50 U.S. states, the District of Columbia, and Puerto Rico. ""Current residence"" refers to the place of residence at the time of the survey, while ""residence 1 year ago"" refers to the place of residence 1 year prior to the survey.",,,
"2 The category ""U.S. Island Areas"" covers geographic areas in American Samoa, Guam, the Commonwealth of the Northern Mariana Islands, the U.S. Virgin Islands, Baker Island, Howland Island, Jarvis Island, Johnston Atoll, Kingman Reef, Midway Islands, Navassa Island, Palmyra Atoll, and Wake Island. The category ""foreign country"" covers geographic areas in foreign countries and at sea.",,,
3 Margins of error are based on the 90 percent confidence interval.,,,
"Note: For more information on state-to-state migration flows, visit <https://www.census.gov/topics/population/migration/guidance/state-to-state-migration-flows.html>. For more information on the American Community Survey, visit <https://www.census.gov/programs-surveys/acs>. The Census Bureau has reviewed this data product to ensure appropriate access, use, and disclosure avoidance protection of the confidential source data used to produce this product (Data Management System (DMS) number: P-7533841, Disclosure Review Board (DRB) approval number: CBDRB‑FY25‑0454).",,,
"Source: U.S. Census Bureau, 2024 American Community Survey.",,,
